0
0
0
0
0
0
0
0
0
0
0
0
0
0
0
0
0
0
0
0
0
0
0
0
0
0
0
0
0
0
0
0
0
0
0
0
0
0
0
0
0
0
0
0
0
0
0
0
0
0
0
0
0
0
0
0
0
0
0
0
0
0
0
0
0
0
0
0
0
0
0
0
0
0
0
0
0
0
0
0
0
0
0
0
0
0
0
0
0
0
0
0
0
0
0
0
0
0
0
0
0
0
0
0
0
0
0
0
0
0
0
0
0
0
0
0
0
0
0
0
0
0
0
0
0
0
0
0
0
0
0
0
0
0
0
0
0
0
0
0
0
0
0
0
0
0
0
0
0
0
0
0
0
0
0
0
0
0
0
0
0
0
0
0
0
0
0
0
0
0
0
0
0
0
0
0
0
0
0
0
0
0
0
0
0
0
0
0
0
0
0
0
0
0
0
0
0
0
0
0
0
0
0
0
0
0
0
0
0
0
0
0
0
0
0
0
0
0
0
0
0
0
0
0
0
0
0
0
0
0
0
0
0
0
0
0
0
0
0
0
0
0
0
0
0
0
0
0
0
0
0
0
0
0
0
0
0
0
0
0
0
0
0
0
0
0
0
0
0
0
0
0
0
0
0
0
0
0
0
0
0
0
0
0
0
0
0
0
0
0
0
0
0
0
0
0
0
0
0
0
0
0
0
0
0
0
0
0
0
0
0
0
0
0
0
0
0
0
0
0
0
0
0
0
0
0
0
0
0
0
0
0
0
0
0
0
0
0
0
0
0
0
0
0
0
0
0
0
0
0
0
0
0
0
0
0
0
0
0
0
0
0
0
0
0
0
0
0
0
0
0
0
0
0
0
0
0
0
0
0
0
0
0
0
0
0
0
0
0
0
0
0
0
0
0
0
0
0
0
0
0
0
0
0
0
0
0
0
0
0
0
0
0
0
0
0
0
0
0
0
0
0
0
0
0
0
0
0
0
0
0
0
0
0
0
0
0
0
0
0
0
0
0
0
0
0
0
0
0
0
0
0
0
0
0
0
0
0
0
0
0
0
0
0
0
0
0
0
0
0
0
0
0
0
0
0
0
0
0
0
0
0
0
0
0
0
0
0
0
0
0
0
0
0
0
0
0
0
0
0
0
0
0
0
0
0
0
0
0
0
0
0
0
0
0
0
0
0
0
0
0
0
0
0
0
0
0
0
0
0
0
0
0
0
0
0
0
0
0
0
0
0
0
0
0
0
0
0
0
0
0
0
0
0
0
0
0
0
0
0
0
0
0
0
0
0
0
0
0
0
0
0
0
0
0
0
0
0
0
0
0
0
0
0
0
0
0
0
0
0
0
0
0
0
0
0
0
0
0
0
0
0
0
0
0
0
0
0
0
0
0
0
0
0
0
0
0
0
0
0
0
0
0
0
0
0
0
0
0
0
0
0
0
0
0
0
0
0
0
0
0
0
0
0
0
0
0
0
0
0
0
0
0
0
0
0
0
0
0
0
0
0
0
0
0
0
0
0
0
0
0
0
0
0
0
0
0
0
0
0
0
0
0
0
0
0
0
0
0
0
0
0
0
0
0
0
0
0
0
0
0
0
0
0
0
0
0
0
0
0
0
0
0
0
0
0
0
0
0
0
0
0
0
0
0
0
0
0
0
0
0
0
0
0
0
0
0
0
0
0
0
0
0
0
0
0
0
0
0
0
0
0
0
0
0
0
0
0
0
0
0
0
0
0
0
0
0
0
0
0
0
0
0
0
0
0
0
0
0
0
0
0
0
0
0
0
0
0
0
0
0
0
0
0
0
0
0
0
0
0
0
0
0
0
0
0
0
0
0
0
0
0
0
0
0
0
0
0
0
0
0
0
0
0
0
0
0
0
0
0
0
0
0
0
0
0
0
0
0
0
0
0
0
0
0
0
0
0
0
0
0
0
0
0
0
0
0
0
0
0
0
0
0
0
0
0
0
0
0
0
0
0
0
0
0
0
0
0
0
0
0
0
0
0
0
0
0
0
0
0
0
0
0
0
0
0
0
0
0
0
0
0
0
0
0
0
0
0
0
0
0
0
0
0
0
0
0
0
0
0
0
0
0
0
0
0
0
0
0
0
0
0
0
0
0
0
0
0
0
0
0
0
0
0
0
0
0
0
0
0
0
0
0
0
0
0
0
0
0
0
0
0
0
0
0
0
0
0
0
0
0
0
0
0
0
0
0
0
0
0
0
0
0
0
0
0
0
0
0
0
0
0
0
0
0
0
0
0
0
0
0
0
0
0
0
0
0
0
0
0
0
0
0
0
0
0
0
0
0
0
0
0
0
0
0
0
0
0
0
0
0
0
0
0
0
0
0
0
0
0
0
0
0
0
0
0
0
0
0
0
0
0
0
0
0
0
0
0
0
0
0
0
0
0
0
0
0
0
0
0
0
0
0
0
0
0
0
0
0
0
0
0
0
0
0
0
0
0
0
0
0
0
0
0
0
0
0
0
0
0
0
0
0
0
0
0
0
0
0
0
0
0
0
0
0
0
0
0
0
0
0
0
0
0
0
0
0
0
0
0
0
0
0
0
0
0
0
0
0
0
0
0
0
0
0
0
0
0
0
0
0
0
0
0
0
0
0
0
0
0
0
0
0
0
0
0
0
0
0
0
0
0
0
0
0
0
0
0
0
0
0
0
0
0
0
0
0
0
0
0
0
0
0
0
0
0
0
0
0
0
0
0
0
0
0
0
0
0
0
0
0
0
0
0
0
0
0
0
0
0
0
0
0
0
0
0
0
0
0
0
0
0
0
0
0
0
0
0
0
0
0
0
0
0
0
0
0
0
0
0
0
0
0
0
0
0
0
0
0
0
0
0
0
0
0
0
0
0
0
0
0
0
0
0
0
0
0
0
0
0
0
0
0
0
0
0
0
0
0
0
0
0
0
0
0
0
0
0
0
0
0
0
0
0
0
0
0
0
0
0
0
0
0
0
0
0
0
0
0
0
0
0
0
0
0
0
0
0
0
0
0
0
0
0
0
0
0
0
0
0
0
0
0
0
0
0
0
0
0
0
0
0
0
0
0
0
0
0
0
0
0
0
0
0
0
0
0
0
0
0
0
0
0
0
0
0
0
0
0
0
0
0
0
0
0
0
0
0
0
0
0
0
0
0
0
0
0
0
0
0
0
0
0
0
0
0
0
0
0
0
0
0
0
0
0
0
0
0
0
0
0
0
0
0
0
0
0
0
0
0
0
0
0
0
0
0
0
0
0
0
0
0
0
0
0
0
0
0
0
0
0
0
0
0
0
0
0
0
0
0
0
0
0
0
0
0
0
0
0
0
0
0
0
0
0
0
0
0
0
0
0
0
0
0
0
0
0
0
0
0
0
0
0
0
0
0
0
0
0
0
0
0
0
0
0
0
0
0
0
0
0
0
0
0
0
0
0
0
0
0
0
0
0
0
0
0
0
0
0
0
0
0
0
0
0
0
0
0
0
0
0
0
0
0
0
0
0
0
0
0
0
0
0
0
0
0
0
0
0
0
0
0
0
0
0
0
0
0
0
0
0
0
0
0
0
0
0
0
0
0
0
0
0
0
0
0
0
0
0
0
0
0
0
0
0
0
0
0
0
0
0
0
0
0
0
0
0
0
0
0
0
0
0
0
0
0
0
0
0
0
0
0
0
0
0
0
0
0
0
0
0
0
0
0
0
0
0
0
0
0
0
0
0
0
0
0
0
0
0
0
0
0
0
0
0
0
0
0
0
0
0
0
0
0
0
0
0
0
0
0
0
0
0
0
0
0
0
0
0
0
0
0
0
0
0
0
0
0
0
0
0
0
0
0
0
0
0
0
0
0
0
0
0
0
0
0
0
0
0
0
0
0
0
0
0
0
0
0
0
0
0
0
0
0
0
0
0
0
0
0
0
0
0
0
0
0
0
0
0
0
0
0
0
0
0
0
0
0
0
0
0
0
0
0
0
0
0
0
0
0
0
0
0
0
0
0
0
0
0
0
0
0
0
0
0
0
0
0
0
0
0
0
0
0
0
0
0
0
0
0
0
0
0
0
0
0
0
0
0
0
0
0
0
0
0
0
0
0
0
0
0
0
0
0
0
0
0
0
0
0
0
0
0
0
0
0
0
0
0
0
0
0
0
0
0
0
0
0
0
0
0
0
0
0
0
0
0
0
0
0
0
0
0
0
0
0
0
0
0
0
0
0
0
0
0
0
0
0
0
0
0
0
0
0
0
0
0
0
0
0
0
0
0
0
0
0
0
0
0
0
0
0
0
0
0
0
0
0
0
0
0
0
0
0
0
0
0
0
0
0
0
0
0
0
0
0
0
0
0
0
0
0
0
0
0
0
0
0
0
0
0
0
0
0
0
0
0
0
0
0
0
0
0
0
0
0
0
0
0
0
0
0
0
0
0
0
0
0
0
0
0
0
0
0
0
0
0
0
0
0
0
0
0
0
0
0
0
0
0
0
0
0
0
0
0
0
0
0
0
0
0
0
0
0
0
0
0
0
0
0
0
0
0
0
0
0
0
0
0
0
0
0
0
0
0
0
0
0
0
0
0
0
0
0
0
0
0
0
0
0
0
0
0
0
0
0
0
0
0
0
0
0
0
0
0
0
0
0
0
0
0
0
0
0
0
0
0
0
0
0
0
0
0
0
0
0
0
0
0
0
0
0
0
0
0
0
0
0
0
0
0
0
0
0
0
0
0
0
0
0
0
0
0
0
0
0
0
0
0
0
0
0
0
0
0
0
0
0
0
0
0
0
0
0
0
0
0
0
0
0
0
0
0
0
0
0
0
0
0
0
0
0
0
0
0
0
0
0
0
0
0
0
0
0
0
0
0
0
0
0
0
0
0
0
0
0
0
0
0
0
0
0
0
0
0
0
0
0
0
0
0
0
0
0
0
0
0
0
0
0
0
0
0
0
0
0
0
0
0
0
0
0
0
0
0
0
0
0
0
0
0
0
0
0
0
0
0
0
0
0
0
0
0
0
0
0
0
0
0
0
0
0
0
0
0
0
0
0
0
0
0
0
0
0
0
0
0
0
0
0
0
0
0
0
0
0
0
0
0
0
0
0
0
0
0
0
0
0
0
0
0
0
0
0
0
0
0
0
0
0
0
0
0
0
0
0
0
0
0
0
0
0
0
0
0
0
0
0
0
0
0
0
0
0
0
0
0
0
0
0
0
0
0
0
0
0
0
0
0
0
0
0
0
0
0
0
0
0
0
0
0
0
0
0
0
0
0
0
0
0
0
0
0
0
0
0
0
0
0
0
0
0
0
0
0
0
0
0
0
0
0
0
0
0
0
0
0
0
0
0
0
0
0
0
0
0
0
0
0
0
0
0
0
0
0
0
0
0
0
0
0
0
0
0
0
0
0
0
0
0
0
0
0
0
0
0
0
0
0
0
0
0
0
0
0
0
0
0
0
0
0
0
0
0
0
0
0
0
0
0
0
0
0
0
0
0
0
0
0
0
0
0
0
0
0
0
0
0
0
0
0
0
0
0
0
0
0
0
0
0
0
0
0
0
0
0
0
0
0
0
0
0
0
0
0
0
0
0
0
0
0
0
0
0
0
0
0
0
0
0
0
0
0
0
0
0
0
0
0
0
0
0
0
0
0
0
0
0
0
0
0
0
0
0
0
0
0
0
0
0
0
0
0
0
0
0
0
0
0
0
0
0
0
0
0
0
0
0
0
0
0
0
0
0
0
0
0
0
0
0
0
0
0
0
0
0
0
0
0
0
0
0
0
0
0
0
0
0
0
0
0
0
0
0
0
0
0
0
0
0
0
0
0
0
0
0
0
0
0
0
0
0
0
0
0
0
0
0
0
0
0
0
0
0
0
0
0
0
0
0
0
0
0
0
0
0
0
0
0
0
0
0
0
0
0
0
0
0
0
0
0
0
0
0
0
0
0
0
0
0
0
0
0
0
0
0
0
0
0
0
0
0
0
0
0
0
0
0
0
0
0
0
0
0
0
0
0
0
0
0
0
0
0
0
0
0
0
0
0
0
0
0
0
0
0
0
0
0
0
0
0
0
0
0
0
0
0
0
0
0
0
0
0
0
0
0
0
0
0
0
0
0
0
0
0
0
0
0
0
0
0
0
0
0
0
0
0
0
0
0
0
0
0
0
0
0
0
0
0
0
0
0
0
0
0
0
0
0
0
0
0
0
0
0
0
0
0
0
0
0
0
0
0
0
0
0
0
0
0
0
0
0
0
0
0
0
0
0
0
0
0
0
0
0
0
0
0
0
0
0
0
0
0
0
0
0
0
0
0
0
0
0
0
0
0
0
0
0
0
0
0
0
0
0
0
0
0
0
0
0
0
0
0
0
0
0
0
0
0
0
0
0
0
0
0
0
0
0
0
0
0
0
0
0
0
0
0
0
0
0
0
0
0
0
0
0
0
0
0
0
0
0
0
0
0
0
0
0
0
0
0
0
0
0
0
0
0
0
0
0
0
0
0
0
0
0
0
0
0
0
0
0
0
0
0
0
0
0
0
0
0
0
0
0
0
0
0
0
0
0
0
0
0
0
0
0
0
0
0
0
0
0
0
0
0
0
0
0
0
0
0
0
0
0
0
0
0
0
0
0
0
0
0
0
0
0
0
0
0
0
0
0
0
0
0
0
0
0
0
0
0
0
0
0
0
0
0
0
0
0
0
0
0
0
0
0
0
0
0
0
0
0
0
0
0
0
0
0
0
0
0
0
0
0
0
0
0
0
0
0
0
0
0
0
0
0
0
0
0
0
0
0
0
0
0
0
0
0
0
0
0
0
0
0
0
0
0
0
0
0
0
0
0
0
0
0
0
0
0
0
0
0
0
0
0
0
0
0
0
0
0
0
0
0
0
0
0
0
0
0
0
0
0
0
0
0
0
0
0
0
0
0
0
0
0
0
0
0
0
0
0
0
001
001
001
001
001
001
001
001
001
001
001
001
001
001
001
001
001
001
001
001
001
001
001
001
001
001
001
001
001
001
001
001
001
001
001
001
001
001
001
001
001
001
001
001
001
001
001
001
001
001
001
001
001
001
001
001
001
001
001
001
001
001
001
001
001
001
001
001
001
001
001
001
001
001
001
001
001
001
001
001
001
001
001
001
001
001
001
001
001
001
001
001
001
001
001
001
001
001
001
001
001
001
001
001
001
001
001
001
001
001
001
001
001
001
001
001
001
001
001
001
001
001
001
001
001
001
001
001
001
001
001
001
001
001
001
001
001
001
001
001
001
001
001
001
001
001
001
001
001
001
001
001
001
001
001
001
001
001
001
001
001
001
001
001
001
001
001
001
001
001
001
001
001
001
001
001
001
001
001
001
001
001
001
001
001
001
001
001
001
001
001
001
001
001
001
001
001
001
001
001
001
001
001
001
001
001
001
001
001
001
001
001
001
001
001
001
001
001
001
001
001
001
001
001
001
001
001
001
001
001
001
001
001
001
001
001
001
001
001
001
001
001
001
001
001
001
001
001
001
001
001
001
001
001
001
001
001
001
001
001
001
001
001
001
001
001
001
001
001
001
001
001
001
001
001
001
001
001
001
001
001
001
001
001
001
001
001
001
001
001
001
001
001
001
001
001
001
001
001
001
001
001
001
001
001
001
001
001
001
001
001
001
001
001
001
001
001
001
001
001
001
001
001
001
001
001
001
001
001
001
001
001
001
001
001
001
001
001
001
001
001
001
001
001
001
001
001
001
001
001
001
001
001
001
001
001
001
001
001
001
001
001
001
001
001
001
001
001
001
001
001
001
001
001
001
001
001
001
001
001
001
001
001
001
001
001
001
001
001
001
001
001
001
001
001
001
001
001
001
001
001
001
001
001
001
001
001
001
001
001
001
001
001
001
001
001
001
001
001
001
001
001
001
001
001
001
001
001
001
001
001
001
001
001
001
001
001
001
001
001
001
001
001
001
001
001
001
001
001
001
001
001
001
001
001
001
001
001
001
001
001
001
001
001
001
001
001
001
001
001
001
001
001
001
001
001
001
001
001
001
001
001
001
001
001
001
001
001
001
001
001
001
001
001
001
001
001
001
001
001
001
001
001
001
001
001
001
001
001
001
001
001
001
001
001
001
001
001
001
001
001
001
001
001
001
001
001
001
001
001
001
001
001
001
001
001
001
001
001
001
001
001
001
001
001
001
001
001
001
001
001
001
001
001
001
001
001
001
001
001
001
001
001
001
001
001
001
001
001
001
001
001
001
001
001
001
001
001
001
001
001
001
001
001
001
001
001
001
001
001
001
001
001
001
001
001
001
001
001
001
001
001
001
001
001
001
001
001
001
001
001
001
001
001
001
001
001
001
001
001
001
001
001
001
001
001
001
001
001
001
001
001
001
001
001
001
001
001
001
001
001
001
001
001
001
001
001
001
001
001
001
001
001
001
001
001
001
001
001
001
001
001
001
001
001
001
001
001
001
001
001
001
001
001
001
001
001
001
001
001
001
001
001
001
001
001
001
001
001
001
001
001
001
001
001
001
001
001
001
001
001
001
001
001
001
001
001
001
001
001
001
001
001
001
001
001
001
001
001
001
001
001
001
001
001
001
001
001
001
001
001
001
001
001
001
001
001
001
001
001
001
001
001
001
001
001
001
001
001
001
001
001
001
001
001
001
001
001
001
001
001
001
001
001
001
001
001
001
001
001
001
001
001
001
001
001
001
001
001
001
001
001
001
001
001
001
001
001
001
001
001
001
001
001
001
001
001
001
001
001
001
001
001
001
001
001
001
001
001
001
001
001
001
001
001
001
001
001
001
001
001
001
001
001
001
001
001
001
001
001
001
001
001
001
001
001
001
001
001
001
001
001
001
001
001
001
001
001
001
001
001
001
001
001
001
001
001
001
001
001
001
001
001
001
001
001
001
001
001
001
001
001
001
001
001
001
001
001
001
001
001
001
001
001
001
001
001
001
001
001
001
001
001
001
001
001
001
001
001
001
001
001
001
001
001
001
001
001
001
001
001
001
001
001
001
001
001
001
001
001
001
001
001
001
001
001
001
001
001
001
001
001
001
001
001
001
001
001
001
001
001
001
001
001
001
001
001
001
001
001
001
001
001
001
001
001
001
001
001
001
001
001
001
001
001
001
001
001
001
001
001
001
001
001
001
001
001
001
001
001
001
001
001
001
001
001
001
001
001
001
001
001
001
001
001
001
001
001
001
001
001
001
001
001
001
001
001
001
001
001
001
001
001
001
001
001
001
001
001
001
001
001
001
001
001
001
001
001
001
001
001
001
001
001
001
001
001
001
001
001
001
001
001
001
001
001
001
001
001
001
001
001
001
001
001
001
001
001
001
001
001
001
001
001
001
001
001
001
001
001
001
001
001
001
001
001
001
001
001
001
001
001
001
001
001
001
001
001
001
001
001
001
001
001
001
001
001
001
001
001
001
001
001
001
001
001
001
001
001
001
001
001
001
001
001
001
001
001
001
001
001
001
001
001
001
001
001
001
001
001
001
001
001
001
001
001
001
001
001
001
001
001
001
001
001
001
001
001
001
001
001
001
001
001
001
001
001
001
001
001
001
001
001
001
001
001
001
001
001
001
001
001
001
001
001
001
001
001
001
001
001
001
001
001
001
001
001
001
001
001
001
001
001
001
001
001
001
001
001
001
001
001
001
001
001
001
001
001
001
001
001
001
001
001
001
001
001
001
001
001
001
001
001
001
001
001
001
001
001
001
001
001
001
001
001
001
001
001
001
001
001
001
001
001
001
001
001
001
001
001
001
001
001
001
001
001
001
001
001
001
001
001
001
001
001
001
001
001
001
001
001
001
001
001
001
001
001
001
001
001
001
001
001
001
001
001
001
001
001
001
001
001
001
001
001
001
001
001
001
001
001
001
001
001
001
001
001
001
001
001
001
001
001
001
001
001
001
001
001
001
001
001
001
001
001
001
001
001
001
001
001
001
001
001
001
001
001
001
001
001
001
001
001
001
001
001
001
001
001
001
001
001
001
001
001
001
001
001
001
001
001
001
001
001
001
001
001
001
001
001
001
001
001
001
001
001
001
001
001
001
001
001
001
001
001
001
001
001
001
001
001
001
001
001
001
001
001
001
001
001
001
001
001
001
001
001
001
001
001
001
001
001
001
001
001
001
001
001
001
001
001
001
001
001
001
001
001
001
001
001
001
001
001
001
001
001
001
001
001
001
001
001
001
001
001
001
001
001
001
001
001
001
001
001
001
001
001
001
001
001
001
001
001
001
001
001
001
001
001
001
001
001
001
001
001
001
001
001
001
001
001
001
001
001
001
001
001
001
001
001
001
001
001
001
001
001
001
001
001
001
001
001
001
001
001
001
001
001
001
001
001
001
001
001
001
001
001
001
001
001
001
001
001
001
001
001
001
001
001
001
001
001
001
001
001
001
001
001
001
001
001
001
001
001
001
001
001
001
001
001
001
001
001
001
001
001
001
001
001
001
001
001
001
001
001
001
001
001
001
001
001
001
001
001
001
001
001
001
001
001
001
001
001
001
001
001
001
001
001
001
001
001
001
001
001
001
001
001
001
001
001
001
001
001
001
001
001
001
001
001
001
001
001
001
001
001
001
001
001
001
001
001
001
001
001
001
001
001
001
001
001
001
001
001
001
001
001
001
001
001
001
001
001
001
001
001
001
001
001
001
001
001
001
001
001
001
001
001
001
001
001
001
001
001
001
001
001
001
001
001
001
001
001
001
001
001
001
001
001
001
001
001
001
001
001
001
001
001
001
001
001
001
001
001
001
001
001
001
001
001
001
001
001
001
001
001
001
001
001
001
001
001
001
001
001
001
001
001
001
001
001
001
001
001
001
001
001
001
001
001
001
001
001
001
001
001
001
001
001
001
001
001
001
001
001
001
001
001
001
001
001
001
001
001
001
001
001
001
001
001
001
001
001
001
001
001
001
001
001
001
001
001
001
001
001
001
001
001
001
001
001
001
001
001
001
001
001
001
001
001
001
001
001
001
001
001
001
001
001
001
001
001
001
001
001
001
001
001
001
001
001
001
001
001
001
001
001
001
001
001
001
001
001
001
001
001
001
001
001
001
001
001
001
001
001
001
001
001
001
001
001
001
001
001
001
001
001
001
001
001
001
001
001
001
001
001
001
001
001
001
001
001
001
001
001
001
001
001
001
001
001
001
001
001
001
001
001
001
001
001
001
001
001
001
001
001
001
001
001
001
001
001
001
001
001
001
001
001
001
001
001
001
001
001
001
001
001
001
001
001
001
001
001
001
001
001
001
001
001
001
001
001
001
001
001
001
001
001
001
001
001
001
001
001
001
001
001
001
001
001
001
001
001
001
001
001
001
001
001
001
001
001
001
001
001
001
001
001
001
001
001
001
001
001
001
001
001
001
001
001
001
001
001
001
001
001
001
001
001
001
001
001
001
001
001
001
001
001
001
001
001
001
001
001
001
001
001
001
001
001
001
001
001
001
001
001
001
001
001
001
001
001
001
001
001
001
001
001
001
001
001
001
001
001
001
001
001
001
001
001
001
001
001
001
001
001
001
001
001
001
001
001
001
001
001
001
001
001
001
001
001
001
001
001
001
001
001
001
001
001
001
001
001
001
001
001
001
001
001
001
001
001
001
001
001
001
001
001
001
001
001
001
001
001
001
001
001
001
001
001
001
001
001
001
001
001
001
001
001
001
001
001
001
001
001
001
001
001
001
001
001
001
001
001
001
001
001
001
001
001
001
001
001
001
001
001
001
001
001
001
001
001
001
001
001
001
001
001
001
001
001
001
001
001
001
001
001
001
001
001
001
001
001
001
001
001
001
001
001
001
001
001
001
001
001
001
001
001
001
001
001
001
001
001
001
001
001
001
001
001
001
001
001
001
001
001
001
001
001
001
001
001
001
001
001
001
001
001
001
001
001
001
001
001
001
001
001
001
001
001
001
001
001
001
001
001
001
001
001
001
001
001
001
001
001
001
001
001
001
001
001
001
001
001
001
001
001
001
001
001
001
001
001
001
001
001
001
001
001
001
001
001
001
001
001
001
001
001
001
001
001
001
001
001
001
001
001
001
001
001
001
001
001
001
001
001
001
001
001
001
001
001
001
001
001
001
001
001
001
001
001
001
001
001
001
001
001
001
001
001
001
001
001
001
001
001
001
001
001
001
001
001
001
001
001
001
001
001
001
001
001
001
001
001
001
001
001
001
001
001
001
001
001
001
001
001
001
001
001
001
001
001
001
001
001
001
001
001
001
001
001
001
001
001
001
001
001
001
001
001
001
001
001
001
001
001
001
001
001
001
001
001
001
001
001
001
001
001
001
001
001
001
001
001
001
001
001
001
001
001
001
001
001
001
001
001
001
001
001
001
001
001
001
001
001
001
001
001
001
001
001
001
001
001
001
001
001
001
001
001
001
001
001
001
001
001
001
001
001
001
001
001
001
001
001
001
001
001
001
001
001
001
001
001
001
001
001
001
001
001
001
001
001
001
001
001
001
001
001
001
001
001
001
001
001
001
001
001
001
001
001
001
001
001
001
001
001
001
001
001
001
001
001
001
001
001
001
001
001
001
001
001
001
001
001
001
001
001
001
001
001
001
001
001
001
001
001
001
001
001
001
001
001
001
001
001
001
001
001
001
001
001
001
001
001
001
001
001
001
001
001
001
001
001
001
001
001
001
001
001
001
001
001
001
001
001
001
001
001
001
001
001
001
001
001
001
001
001
001
001
001
001
001
001
001
001
001
001
001
001
001
001
001
001
001
001
001
001
001
001
001
001
001
001
001
001
001
001
001
001
001
001
001
001
001
001
001
001
001
001
001
001
001
001
001
001
001
001
001
001
001
001
001
001
001
001
001
001
001
001
001
001
001
001
001
001
001
001
001
001
001
001
001
001
001
001
001
001
001
001
001
001
001
001
001
001
001
001
001
001
001
001
001
001
001
001
001
001
001
001
001
001
001
001
001
001
001
001
001
001
001
001
001
001
001
001
001
001
001
001
001
001
001
001
001
001
001
001
001
001
001
001
001
001
001
001
001
001
001
001
001
001
001
001
001
001
001
001
001
001
001
001
001
001
001
001
001
001
001
001
001
001
001
001
001
001
001
001
001
001
001
001
001
001
001
001
001
001
001
001
001
001
001
001
001
001
001
001
001
001
001
001
001
001
001
001
001
001
001
001
001
001
001
001
001
001
001
001
001
001
001
001
001
001
001
001
001
001
001
001
001
001
001
001
001
001
001
001
001
001
001
001
001
001
001
001
001
001
001
001
001
001
001
001
001
001
001
001
001
001
001
001
001
001
001
001
001
001
001
001
001
001
001
001
001
001
001
001
001
001
001
001
001
001
001
001
001
001
001
001
001
001
001
001
001
001
001
001
001
001
001
001
001
001
001
001
001
001
001
001
001
001
001
001
001
001
001
001
001
001
001
001
001
001
001
001
001
001
001
001
001
001
001
001
001
001
001
001
001
001
001
001
001
001
001
001
001
001
001
001
001
001
001
001
001
001
001
001
001
001
001
001
001
001
001
001
001
001
001
001
001
001
001
001
001
001
001
001
001
001
001
001
001
001
001
001
001
001
001
001
001
001
001
001
001
001
001
001
001
001
001
001
001
001
001
001
001
001
001
001
001
001
001
001
001
001
001
001
001
001
001
001
001
001
001
001
001
001
001
001
001
001
001
001
001
001
001
001
001
001
001
001
001
001
001
001
001
001
001
001
001
001
001
001
001
001
001
001
001
001
001
001
001
001
001
001
001
001
001
001
001
001
001
001
001
001
001
001
001
001
001
001
001
001
001
001
001
001
001
001
001
001
001
001
001
001
001
001
001
001
001
001
001
001
001
001
001
001
001
001
001
001
001
001
001
001
001
001
001
001
001
001
001
001
001
001
001
001
001
001
001
001
001
001
001
001
001
001
001
001
001
001
001
001
001
001
001
001
001
001
001
001
001
001
001
001
001
001
001
001
001
001
001
001
001
001
001
001
001
001
001
001
001
001
001
001
001
001
001
001
001
001
001
001
001
001
001
001
001
001
001
001
001
001
001
001
001
001
001
001
001
001
001
001
001
001
001
001
001
001
001
001
001
001
001
001
001
001
001
001
001
001
001
001
001
001
001
001
001
001
001
001
001
001
001
001
001
001
001
001
001
001
001
001
001
001
001
001
001
001
001
001
001
001
001
001
001
001
001
001
001
001
001
001
001
001
001
001
001
001
001
001
001
001
001
001
001
001
001
001
001
001
001
001
001
001
001
001
001
001
001
001
001
001
001
001
001
001
001
001
001
001
001
001
001
001
001
001
001
001
001
001
001
001
001
001
001
001
001
001
001
001
001
001
001
001
001
001
001
001
001
001
001
001
001
001
001
001
001
001
001
001
001
001
001
001
001
001
001
001
001
001
001
001
001
001
001
001
001
001
001
001
001
001
001
001
001
001
001
001
001
001
001
001
001
001
001
001
001
001
001
001
001
001
001
001
001
001
001
001
001
001
001
001
001
001
001
001
001
001
001
001
001
001
001
001
001
001
001
001
001
001
001
001
001
001
001
001
001
001
001
001
001
001
001
001
001
001
001
001
001
001
001
001
001
001
001
001
001
001
001
001
001
001
001
001
001
001
001
001
001
001
001
001
001
001
001
001
001
001
001
001
001
001
001
001
001
001
001
001
001
001
001
001
001
001
001
001
001
001
001
001
001
001
001
001
001
001
001
001
001
001
001
001
001
001
001
001
001
001
001
001
001
001
001
001
001
001
001
001
001
001
001
001
001
001
001
001
001
001
001
001
001
001
001
001
001
001
001
001
001
001
001
001
001
001
001
001
001
001
001
001
001
001
001
001
001
001
001
001
001
001
001
001
001
001
001
001
001
001
001
001
001
001
001
001
001
001
001
001
001
001
001
001
001
001
001
001
001
001
001
001
001
001
001
001
001
001
001
001
001
001
001
001
001
001
001
001
001
001
001
001
001
001
001
001
001
001
001
001
001
001
001
001
001
001
001
001
001
001
001
001
001
001
001
001
001
001
001
001
001
001
001
001
001
001
001
001
001
001
001
001
001
001
001
001
001
001
001
001
001
001
001
001
001
001
001
001
001
001
001
001
001
001
001
001
001
001
001
001
001
001
001
001
001
001
001
001
001
001
001
001
001
001
001
001
001
001
001
001
001
001
001
001
001
001
001
001
001
001
001
001
001
001
001
001
001
001
001
001
001
001
001
001
001
001
001
001
001
001
001
001
001
001
001
001
001
001
001
001
001
001
001
001
001
001
001
001
001
001
001
001
001
001
001
001
001
001
001
001
001
001
001
001
001
001
001
001
001
001
001
001
001
001
001
001
001
001
001
001
001
001
001
001
001
001
001
001
001
001
001
001
001
001
001
001
001
001
001
001
001
001
001
001
001
001
001
001
001
001
001
001
001
001
001
001
001
001
001
001
001
001
001
001
001
001
001
001
001
001
001
001
001
001
001
001
001
001
001
001
001
001
001
001
001
001
001
001
001
001
001
001
001
001
001
001
001
001
001
001
001
001
001
001
001
001
001
001
001
001
001
001
001
001
001
001
001
001
001
001
001
001
001
001
001
001
001
001
001
001
001
001
001
001
001
001
001
001
001
001
001
001
001
001
001
001
001
001
001
001
001
001
001
001
001
001
001
001
001
001
001
001
001
001
001
001
001
001
001
001
001
001
001
001
001
001
001
001
001
001
001
001
001
001
001
001
001
001
001
001
001
001
001
001
001
001
001
001
001
001
001
001
001
001
001
001
001
001
001
001
001
001
001
001
001
001
001
001
001
001
001
001
001
001
001
001
001
001
001
001
001
001
001
001
001
001
001
001
001
001
001
001
001
001
001
001
001
001
001
001
001
001
001
001
001
001
001
001
001
001
001
001
001
001
001
001
001
001
001
001
001
001
001
001
001
001
001
001
001
001
001
001
001
001
001
001
001
001
001
001
001
001
001
001
001
001
001
001
001
001
001
001
001
001
001
001
001
001
001
001
001
001
001
001
001
001
001
001
001
001
001
001
001
001
001
001
001
001
001
001
001
001
001
001
001
001
001
001
001
001
001
001
001
001
001
001
001
001
001
001
001
001
001
001
001
001
001
001
001
001
001
001
001
001
001
001
001
001
001
001
001
001
001
001
001
001
001
001
001
001
001
001
001
001
001
001
001
001
001
001
001
001
001
001
001
001
001
001
001
001
001
001
001
001
001
001
001
001
001
001
001
001
001
001
001
001
001
001
001
001
001
001
001
001
001
001
001
001
001
001
001
001
001
001
001
001
001
001
001
001
001
001
001
001
001
001
001
001
001
001
001
001
001
001
001
001
001
001
001
001
001
001
001
001
001
001
001
001
001
001
001
001
001
001
001
001
001
001
001
001
001
001
001
001
001
001
001
001
001
001
001
001
001
001
001
001
001
001
001
001
001
001
001
001
001
001
001
001
001
001
001
001
001
001
001
001
001
001
001
001
001
001
001
001
001
001
001
001
001
001
001
001
001
001
001
001
001
001
001
001
001
001
001
001
001
001
001
001
001
001
001
001
001
001
001
001
001
001
001
001
001
001
001
001
001
001
001
001
001
001
001
001
001
001
001
001
001
001
001
001
001
001
001
001
001
001
001
001
001
001
001
001
001
001
001
001
001
001
001
001
001
001
001
001
001
001
001
001
001
001
001
001
001
001
001
001
001
001
001
001
001
001
001
001
001
001
001
001
001
001
001
001
001
001
001
001
001
001
001
001
001
001
001
001
001
001
001
001
001
001
001
001
001
001
001
001
001
001
001
001
001
001
001
001
001
001
001
001
001
001
001
001
001
001
001
001
001
001
001
001
001
001
001
001
001
001
001
001
001
001
001
001
001
001
001
001
001
001
001
001
001
001
001
001
001
001
001
001
001
001
001
001
001
001
001
001
001
001
001
001
001
001
001
001
001
001
001
001
001
001
001
001
001
001
001
001
001
001
001
001
001
001
001
001
001
001
001
001
001
001
001
001
001
001
001
001
001
001
001
001
001
001
001
001
001
001
001
001
001
001
001
001
001
001
001
001
001
001
001
001
001
001
001
001
001
001
001
001
001
001
001
001
001
001
001
001
001
001
001
001
001
001
001
001
001
001
001
001
001
001
001
001
001
001
001
001
001
001
001
001
001
001
001
001
001
001
001
001
001
001
001
001
001
001
001
001
001
001
001
001
001
001
001
001
001
001
001
001
001
001
001
001
001
001
001
001
001
001
001
001
001
001
001
001
001
001
001
001
001
001
001
001
001
001
001
001
001
001
001
001
001
001
001
001
001
001
001
001
001
001
001
001
001
001
001
001
001
001
001
001
001
001
001
001
001
001
001
001
001
001
001
001
001
001
001
001
001
001
001
001
001
001
001
001
001
001
001
001
001
001
001
001
001
001
001
001
001
001
001
001
001
001
001
001
001
001
001
001
001
001
001
001
001
001
001
001
001
001
001
001
001
001
001
001
001
001
001
001
001
001
001
001
001
001
001
001
001
001
001
001
001
001
001
001
001
001
001
001
001
001
001
001
001
001
001
001
001
001
001
001
001
001
001
001
001
001
001
001
001
001
001
001
001
001
001
001
001
001
001
001
001
001
001
001
001
001
001
001
001
001
001
001
001
001
001
001
001
001
001
001
001
001
001
001
001
001
001
001
001
001
001
001
001
001
001
001
001
001
001
001
001
001
001
001
001
001
001
001
001
001
001
001
001
001
001
001
001
001
001
001
001
001
001
001
001
001
001
001
001
001
001
001
001
001
001
001
001
001
001
001
001
001
001
001
001
001
001
001
001
001
001
001
001
001
001
001
001
001
001
001
001
001
001
001
001
001
001
001
001
001
001
001
001
001
001
001
001
001
001
001
001
001
001
001
001
001
001
001
001
001
001
001
001
001
001
001
001
001
001
001
001
001
001
001
001
001
001
001
001
001
001
001
001
001
001
001
001
001
001
001
001
001
001
001
001
001
001
001
001
001
001
001
001
001
001
001
001
001
001
001
001
001
001
001
001
001
001
001
001
001
001
001
001
001
001
001
001
001
001
001
001
001
001
001
001
001
001
001
001
001
001
001
001
001
001
001
001
001
001
001
001
001
001
001
001
001
001
001
001
001
001
001
001
001
001
001
001
001
001
001
001
001
001
001
001
001
001
001
001
001
001
001
001
001
001
001
001
001
001
001
001
001
001
001
001
001
001
001
001
001
001
001
001
001
001
001
001
001
001
001
001
001
001
001
001
001
001
001
001
001
001
001
001
001
001
001
001
001
001
001
001
001
001
001
001
001
001
001
001
001
001
001
001
001
001
001
001
001
001
001
001
001
001
001
001
001
001
001
001
001
001
001
001
001
001
001
001
001
001
001
001
001
001
001
001
001
001
001
001
001
001
001
001
001
001
001
001
001
001
001
001
001
001
001
001
001
001
001
001
001
001
001
001
001
001
001
001
001
001
001
001
001
001
001
001
001
001
001
001
001
001
001
001
001
001
001
001
001
001
001
001
001
001
001
001
001
001
001
001
001
001
001
001
001
001
001
001
001
001
001
001
001
001
001
001
001
001
001
001
001
001
001
001
001
001
001
001
001
001
001
001
001
001
001
001
001
001
001
001
001
001
001
001
001
001
001
001
001
001
001
001
001
001
001
001
001
001
001
001
001
001
001
001
001
001
001
001
001
001
001
001
001
001
001
001
001
001
001
001
001
001
001
001
001
001
001
001
001
001
001
001
001
001
001
001
001
001
001
001
001
001
001
001
001
001
001
001
001
001
001
001
001
001
001
001
001
001
001
001
001
001
001
001
001
001
001
001
001
001
001
001
001
001
001
001
001
001
001
001
001
001
001
001
001
001
001
001
001
001
001
001
001
001
001
001
001
001
001
001
001
001
001
001
001
001
001
001
001
001
001
001
001
001
001
001
001
001
001
001
001
001
001
001
001
001
001
001
001
001
001
001
001
001
001
001
001
001
001
001
001
001
001
001
001
001
001
001
001
001
001
001
001
001
001
001
001
001
001
001
001
001
001
001
001
001
001
001
001
001
001
001
001
001
001
001
001
001
001
001
001
001
001
001
001
001
001
001
001
001
001
001
001
001
001
001
001
001
001
001
001
001
001
001
001
001
001
001
001
001
001
001
001
001
001
001
001
001
001
001
001
001
001
001
001
001
001
001
001
001
001
001
001
001
001
001
001
001
001
001
001
001
001
001
001
001
001
001
001
001
001
001
001
001
001
001
001
001
001
001
001
001
001
001
001
001
001
001
001
001
001
001
001
001
001
001
001
001
001
001
001
001
001
001
001
001
001
001
001
001
001
001
001
001
001
001
001
001
001
001
001
001
001
001
001
001
001
001
001
001
001
001
001
001
001
001
001
001
001
001
001
001
001
001
001
001
001
001
001
001
001
001
001
001
001
001
001
001
001
001
001
001
001
001
001
001
001
001
001
001
001
001
001
001
001
001
001
001
001
001
001
001
001
001
001
001
001
001
001
001
001
001
001
001
001
001
001
001
001
001
001
001
001
001
001
001
001
001
001
001
001
001
001
001
001
001
001
001
001
001
001
001
001
001
001
001
001
001
001
001
001
001
001
001
001
001
001
001
001
001
001
001
001
001
001
001
001
001
001
001
001
001
001
001
001
001
001
001
001
001
001
001
001
001
001
001
001
001
001
001
001
001
001
001
1
1
1
1
1
1
1
1
1
1
1
1
1
1
1
1
1
1
1
1
1
1
1
1
1
1
1
1
1
1
1
1
1
1
1
1
1
1
1
1
1
1
1
1
1
1
1
1
1
1
1
1
1
1
1
1
1
1
1
1
1
1
1
1
1
1
1
1
1
1
1
1
1
1
1
1
1
1
1
1
1
1
1
1
1
1
1
1
1
1
1
1
1
1
1
1
1
1
1
1
1
1
1
1
1
1
1
1
1
1
1
1
1
1
1
1
1
1
1
1
1
1
1
1
1
1
1
1
1
1
1
1
1
1
1
1
1
1
1
1
1
1
1
1
1
1
1
1
1
1
1
1
1
1
1
1
1
1
1
1
1
1
1
1
1
1
1
1
1
1
1
1
1
1
1
1
1
1
1
1
1
1
1
1
1
1
1
1
1
1
1
1
1
1
1
1
1
1
1
1
1
1
1
1
1
1
1
1
1
1
1
1
1
1
1
1
1
1
1
1
1
1
1
1
1
1
1
1
1
1
1
1
1
1
1
1
1
1
1
1
1
1
1
1
1
1
1
1
1
1
1
1
1
1
1
1
1
1
1
1
1
1
1
1
1
1
1
1
1
1
1
1
1
1
1
1
1
1
1
1
1
1
1
1
1
1
1
1
1
1
1
1
1
1
1
1
1
1
1
1
1
1
1
1
1
1
1
1
1
1
1
1
1
1
1
1
1
1
1
1
1
1
1
1
1
1
1
1
1
1
1
1
1
1
1
1
1
1
1
1
1
1
1
1
1
1
1
1
1
1
1
1
1
1
1
1
1
1
1
1
1
1
1
1
1
1
1
1
1
1
1
1
1
1
1
1
1
1
1
1
1
1
1
1
1
1
1
1
1
1
1
1
1
1
1
1
1
1
1
1
1
1
1
1
1
1
1
1
1
1
1
1
1
1
1
1
1
1
1
1
1
1
1
1
1
1
1
1
1
1
1
1
1
1
1
1
1
1
1
1
1
1
1
1
1
1
1
1
1
1
1
1
1
1
1
1
1
1
1
1
1
1
1
1
1
1
1
1
1
1
1
1
1
1
1
1
1
1
1
1
1
1
1
1
1
1
1
1
1
1
1
1
1
1
1
1
1
1
1
1
1
1
1
1
1
1
1
1
1
1
1
1
1
1
1
1
1
1
1
1
1
1
1
1
1
1
1
1
1
1
1
1
1
1
1
1
1
1
1
1
1
1
1
1
1
1
1
1
1
1
1
1
1
1
1
1
1
1
1
1
1
1
1
1
1
1
1
1
1
1
1
1
1
1
1
1
1
1
1
1
1
1
1
1
1
1
1
1
1
1
1
1
1
1
1
1
1
1
1
1
1
1
1
1
1
1
1
1
1
1
1
1
1
1
1
1
1
1
1
1
1
1
1
1
1
1
1
1
1
1
1
1
1
1
1
1
1
1
1
1
1
1
1
1
1
1
1
1
1
1
1
1
1
1
1
1
1
1
1
1
1
1
1
1
1
1
1
1
1
1
1
1
1
1
1
1
1
1
1
1
1
1
1
1
1
1
1
1
1
1
1
1
1
1
1
1
1
1
1
1
1
1
1
1
1
1
1
1
1
1
1
1
1
1
1
1
1
1
1
1
1
1
1
1
1
1
1
1
1
1
1
1
1
1
1
1
1
1
1
1
1
1
1
1
1
1
1
1
1
1
1
1
1
1
1
1
1
1
1
1
1
1
1
1
1
1
1
1
1
1
1
1
1
1
1
1
1
1
1
1
1
1
1
1
1
1
1
1
1
1
1
1
1
1
1
1
1
1
1
1
1
1
1
1
1
1
1
1
1
1
1
1
1
1
1
1
1
1
1
1
1
1
1
1
1
1
1
1
1
1
1
1
1
1
1
1
1
1
1
1
1
1
1
1
1
1
1
1
1
1
1
1
1
1
1
1
1
1
1
1
1
1
1
1
1
1
1
1
1
1
1
1
1
1
1
1
1
1
1
1
1
1
1
1
1
1
1
1
1
1
1
1
1
1
1
1
1
1
1
1
1
1
1
1
1
1
1
1
1
1
1
1
1
1
1
1
1
1
1
1
1
1
1
1
1
1
1
1
1
1
1
1
1
1
1
1
1
1
1
1
1
1
1
1
1
1
1
1
1
1
1
1
1
1
1
1
1
1
1
1
1
1
1
1
1
1
1
1
1
1
1
1
1
1
1
1
1
1
1
1
1
1
1
1
1
1
1
1
1
1
1
1
1
1
1
1
1
1
1
1
1
1
1
1
1
1
1
1
1
1
1
1
1
1
1
1
1
1
1
1
1
1
1
1
1
1
1
1
1
1
1
1
1
1
1
1
1
1
1
1
1
1
1
1
1
1
1
1
1
1
1
1
1
1
1
1
1
1
1
1
1
1
1
1
1
1
1
1
1
1
1
1
1
1
1
1
1
1
1
1
1
1
1
1
1
1
1
1
1
1
1
1
1
1
1
1
1
1
1
1
1
1
1
1
1
1
1
1
1
1
1
1
1
1
1
1
1
1
1
1
1
1
1
1
1
1
1
1
1
1
1
1
1
1
1
1
1
1
1
1
1
1
1
1
1
1
1
1
1
1
1
1
1
1
1
1
1
1
1
1
1
1
1
1
1
1
1
1
1
1
1
1
1
1
1
1
1
1
1
1
1
1
1
1
1
1
1
1
1
1
1
1
1
1
1
1
1
1
1
1
1
1
1
1
1
1
1
1
1
1
1
1
1
1
1
1
1
1
1
1
1
1
1
1
1
1
1
1
1
1
1
1
1
1
1
1
1
1
1
1
1
1
1
1
1
1
1
1
1
1
1
1
1
1
1
1
1
1
1
1
1
1
1
1
1
1
1
1
1
1
1
1
1
1
1
1
1
1
1
1
1
1
1
1
1
1
1
1
1
1
1
1
1
1
1
1
1
1
1
1
1
1
1
1
1
1
1
1
1
1
1
1
1
1
1
1
1
1
1
1
1
1
1
1
1
1
1
1
1
1
1
1
1
1
1
1
1
1
1
1
1
1
1
1
1
1
1
1
1
1
1
1
1
1
1
1
1
1
1
1
1
1
1
1
1
1
1
1
1
1
1
1
1
1
1
1
1
1
1
1
1
1
1
1
1
1
1
1
1
1
1
1
1
1
1
1
1
1
1
1
1
1
1
1
1
1
1
1
1
1
1
1
1
1
1
1
1
1
1
1
1
1
1
1
1
1
1
1
1
1
1
1
1
1
1
1
1
1
1
1
1
1
1
1
1
1
1
1
1
1
1
1
1
1
1
1
1
1
1
1
1
1
1
1
1
1
1
1
1
1
1
1
1
1
1
1
1
1
1
1
1
1
1
1
1
1
1
1
1
1
1
1
1
1
1
1
1
1
1
1
1
1
1
1
1
1
1
1
1
1
1
1
1
1
1
1
1
1
1
1
1
1
1
1
1
1
1
1
1
1
1
1
1
1
1
1
1
1
1
1
1
1
1
1
1
1
1
1
1
1
1
1
1
1
1
1
1
1
1
1
1
1
1
1
1
1
1
1
1
1
1
1
1
1
1
1
1
1
1
1
1
1
1
1
1
1
1
1
1
1
1
1
1
1
1
1
1
1
1
1
1
1
1
1
1
1
1
1
1
1
1
1
1
1
1
1
1
1
1
1
1
1
1
1
1
1
1
1
1
1
1
1
1
1
1
1
1
1
1
1
1
1
1
1
1
1
1
1
1
1
1
1
1
1
1
1
1
1
1
1
1
1
1
1
1
1
1
1
1
1
1
1
1
1
1
1
1
1
1
1
1
1
1
1
1
1
1
1
1
1
1
1
1
1
1
1
1
1
1
1
1
1
1
1
1
1
1
1
1
1
1
1
1
1
1
1
1
1
1
1
1
1
1
1
1
1
1
1
1
1
1
1
1
1
1
1
1
1
1
1
1
1
1
1
1
1
1
1
1
1
1
1
1
1
1
1
1
1
1
1
1
1
1
1
1
1
1
1
1
1
1
1
1
1
1
1
1
1
1
1
1
1
1
1
1
1
1
1
1
1
1
1
1
1
1
1
1
1
1
1
1
1
1
1
1
1
1
1
1
1
1
1
1
1
1
1
1
1
1
1
1
1
1
1
1
1
1
1
1
1
1
1
1
1
1
1
1
1
1
1
1
1
1
1
1
1
1
1
1
1
1
1
1
1
1
1
1
1
1
1
1
1
1
10
10
10
10
10
10
10
10
10
10
10
10
10
10
10
10
10
10
10
10
10
10
10
10
10
10
10
10
10
10
10
10
10
10
10
10
10
10
10
10
10
10
10
10
10
10
10
10
10
10
10
10
10
10
10
10
10
10
10
10
10
10
10
10
10
10
10
10
10
10
10
10
10
10
10
10
10
10
10
10
10
10
10
10
10
10
10
10
10
10
10
10
10
10
10
10
10
10
10
10
10
10
10
10
10
10
10
10
10
10
10
10
10
10
10
10
10
10
10
10
10
10
10
10
10
10
10
10
10
10
10
10
10
10
10
10
10
10
10
10
10
10
10
10
10
10
10
10
10
10
10
10
10
10
10
10
10
10
10
10
10
10
10
10
10
10
10
10
10
10
10
10
10
10
10
10
10
10
10
10
10
10
10
10
10
10
10
10
10
10
10
10
10
10
10
10
10
10
10
10
10
10
10
10
10
10
10
10
10
10
10
10
10
10
10
10
10
10
10
10
10
10
10
10
10
10
10
10
10
10
10
10
10
10
10
10
10
10
10
10
10
10
10
10
10
10
10
10
10
10
10
10
10
10
10
10
10
10
10
10
10
10
10
10
10
10
10
10
10
10
10
10
10
10
10
10
10
10
10
10
10
10
10
10
10
10
10
10
10
10
10
10
10
10
10
10
10
10
10
10
10
10
10
10
10
10
10
10
10
10
10
10
10
10
10
10
10
10
10
10
10
10
10
10
10
10
10
10
10
10
10
10
10
10
10
10
10
10
10
10
10
10
10
10
10
10
10
10
10
10
10
10
10
10
10
10
10
10
10
10
10
10
10
10
10
10
10
10
10
10
10
10
10
10
10
10
10
10
10
10
10
10
10
10
10
10
10
10
10
10
10
10
10
10
10
10
10
10
10
10
10
10
10
10
10
10
10
10
10
10
10
10
10
10
10
10
10
10
10
10
10
10
10
10
10
10
10
10
10
10
10
10
10
10
10
10
10
10
10
10
10
10
10
10
10
10
10
10
10
10
10
10
10
10
10
10
10
10
10
10
10
10
10
10
10
10
10
10
10
10
10
10
10
10
10
10
10
10
10
10
10
10
10
10
10
10
10
10
10
10
10
10
10
10
10
10
10
10
10
10
10
10
10
10
10
10
10
10
10
10
10
10
10
10
10
10
10
10
10
10
10
10
10
10
10
10
10
10
10
10
10
10
10
10
10
10
10
10
10
10
10
10
10
10
10
10
10
10
10
10
10
10
10
10
10
10
10
10
10
10
10
10
10
10
10
10
10
10
10
10
10
10
10
10
10
10
10
10
10
10
10
10
10
10
10
10
10
10
10
10
10
10
10
10
10
10
10
10
10
10
10
10
10
10
10
10
10
10
10
10
10
10
10
10
10
10
10
10
10
10
10
10
10
10
10
10
10
10
10
10
10
10
10
10
10
10
10
10
10
10
10
10
10
10
10
10
10
10
10
10
10
10
10
10
10
10
10
10
10
10
10
10
10
10
10
10
10
10
10
10
10
10
10
10
10
10
10
10
10
10
10
10
10
10
10
10
10
10
10
10
10
10
10
10
10
10
10
10
10
10
10
10
10
10
10
10
10
10
10
10
10
10
10
10
10
10
10
10
10
10
10
10
10
10
10
10
10
10
10
10
10
10
10
10
10
10
10
10
10
10
10
10
10
10
10
10
10
10
10
10
10
10
10
10
10
10
10
10
10
10
10
10
10
10
10
10
10
10
10
10
10
10
10
10
10
10
10
10
10
10
10
10
10
10
10
10
10
10
10
10
10
10
10
10
10
10
10
10
10
10
10
10
10
10
10
10
10
10
10
10
10
10
10
10
10
10
10
10
10
10
10
10
10
10
10
10
10
10
10
10
10
10
10
10
10
10
10
10
10
10
10
10
10
10
10
10
10
10
10
10
10
10
10
10
10
10
10
10
10
10
10
10
10
10
10
10
10
10
10
10
10
10
10
10
10
10
10
10
10
10
10
10
10
10
10
10
10
10
10
10
10
10
10
10
10
10
10
10
10
10
10
10
10
10
10
10
10
10
10
10
10
10
10
10
10
10
10
10
10
10
10
10
10
10
10
10
10
10
10
10
10
10
10
10
10
10
10
10
10
10
10
10
10
10
10
10
10
10
10
10
10
10
10
10
10
10
10
10
10
10
10
10
10
10
10
10
10
10
10
10
10
10
10
10
10
10
10
10
10
10
10
10
10
10
10
10
10
10
10
10
10
10
10
10
10
10
10
10
10
10
10
10
10
10
10
10
10
10
10
10
10
10
10
10
10
10
10
10
10
10
10
10
10
10
10
10
10
10
10
10
10
10
10
10
10
10
10
10
10
10
10
10
10
10
10
10
10
10
10
10
10
10
10
10
10
10
10
10
10
10
10
10
10
10
10
10
10
10
10
10
10
10
10
10
10
10
10
10
10
10
10
10
10
10
10
10
10
10
10
10
10
10
10
10
10
10
10
10
10
10
10
10
10
10
10
10
10
10
10
10
10
10
10
10
10
10
10
10
10
10
10
10
10
10
10
10
10
10
10
10
10
10
10
10
10
10
10
10
10
10
10
10
10
10
10
10
10
10
10
10
10
10
10
10
10
10
10
10
10
10
10
10
10
10
10
10
10
10
10
10
10
10
10
10
10
10
10
10
10
10
10
10
10
10
10
10
10
10
10
10
10
10
10
10
10
10
10
10
10
10
10
10
10
10
10
10
10
10
10
10
10
10
10
10
10
10
10
10
10
10
10
10
10
10
10
10
10
10
10
10
10
10
10
10
10
10
10
10
10
10
10
10
10
10
10
10
10
10
10
10
10
10
10
10
10
10
10
10
10
10
10
10
10
10
10
10
10
10
10
10
10
10
10
10
10
10
10
10
10
10
10
10
10
10
10
10
10
10
10
10
10
10
10
10
10
10
10
10
10
10
10
10
10
10
10
10
10
10
10
10
10
10
10
10
10
10
10
10
10
10
10
10
10
10
10
10
10
10
10
10
10
10
10
10
10
10
10
10
10
10
10
10
10
10
10
10
10
10
10
10
10
10
10
10
10
10
10
10
10
10
10
10
10
10
10
10
10
10
10
10
10
10
10
10
10
10
10
10
10
10
10
10
10
10
10
10
10
10
10
10
10
10
10
10
10
10
10
10
10
10
10
10
10
10
10
10
10
10
10
10
10
10
10
10
10
10
10
10
10
10
10
10
10
10
10
10
10
10
10
10
10
10
10
10
10
10
10
10
10
10
10
10
10
10
10
10
10
10
10
10
10
10
10
10
10
10
10
10
10
10
10
10
10
10
10
10
10
10
10
10
10
10
10
10
10
10
10
10
10
10
10
10
10
10
10
10
10
10
10
10
10
10
10
10
10
10
10
10
10
10
10
10
10
10
10
10
10
10
10
10
10
10
10
10
10
10
10
10
10
10
10
10
10
10
10
10
10
10
10
10
10
10
10
10
10
10
10
10
10
10
10
11
11
11
11
11
11
11
11
11
11
11
11
11
11
11
11
11
11
11
11
11
11
11
11
11
11
11
11
11
11
11
11
11
11
11
11
11
11
11
11
11
11
11
11
11
11
11
11
11
11
11
11
11
11
11
11
11
11
11
11
11
11
11
11
11
11
11
11
11
11
11
11
11
11
11
11
11
11
11
11
11
11
11
11
11
11
11
11
11
11
11
11
11
11
11
11
11
11
11
11
11
11
11
11
11
11
11
11
11
11
11
11
11
11
11
11
11
11
11
11
11
11
11
11
11
11
11
11
11
11
11
11
11
11
11
11
11
11
11
11
11
11
11
11
11
11
11
11
11
11
11
11
11
11
11
11
11
11
11
11
11
11
11
11
11
11
11
11
11
11
11
11
11
11
11
11
11
11
11
11
11
11
11
11
11
11
11
11
11
11
11
11
11
11
11
11
11
11
11
11
11
11
11
11
11
11
11
11
11
11
11
11
11
11
11
11
11
11
11
11
11
11
11
11
11
11
11
11
11
11
11
11
11
11
11
11
11
11
11
11
11
11
11
11
11
11
11
11
11
11
11
11
11
11
11
11
11
11
11
11
11
11
11
11
11
11
11
11
11
11
11
11
11
11
11
11
11
11
11
11
11
11
11
11
11
11
11
11
11
11
11
11
11
11
11
11
11
11
11
11
11
11
11
11
11
11
11
11
11
11
11
11
11
11
11
11
11
11
11
11
11
11
11
11
11
11
11
11
11
11
11
11
11
11
11
11
11
11
11
11
11
11
11
11
11
11
11
11
11
11
11
11
11
11
11
11
11
11
11
11
11
11
11
11
11
11
11
11
11
11
11
11
11
11
11
11
11
11
11
11
11
11
11
11
11
11
11
11
11
11
11
11
11
11
11
11
11
11
11
11
11
11
11
11
11
11
11
11
11
11
11
11
11
11
11
11
11
11
11
11
11
11
11
11
11
11
11
11
11
11
11
11
11
11
11
11
11
11
11
11
11
11
11
11
11
11
11
11
11
11
11
11
11
11
11
11
11
11
11
11
11
11
11
11
11
11
11
11
11
11
11
11
11
11
11
11
11
11
11
11
11
11
11
11
11
11
11
11
11
11
11
11
11
11
11
11
11
11
11
11
11
11
11
11
11
11
11
11
11
11
11
11
11
11
11
11
11
11
11
11
11
11
11
11
11
11
11
11
11
11
11
11
11
11
11
11
11
11
11
11
11
11
11
11
11
11
11
11
11
11
11
11
11
11
11
11
11
11
11
11
11
11
11
11
11
11
11
11
11
11
11
11
11
11
11
11
11
11
11
11
11
11
11
11
11
11
11
11
11
11
11
11
11
11
11
11
11
11
11
11
11
11
11
11
11
11
11
11
11
11
11
11
11
11
11
11
11
11
11
11
11
11
11
11
11
11
11
11
11
11
11
11
11
11
11
11
11
11
11
11
11
11
11
11
11
11
11
11
11
11
11
11
11
11
11
11
11
11
11
11
11
11
11
11
11
11
11
11
11
11
11
11
11
11
11
11
11
11
11
11
11
11
11
11
11
11
11
11
11
11
11
11
11
11
11
11
11
11
11
11
11
11
11
11
11
11
11
11
11
11
11
11
11
11
11
11
11
11
11
11
11
11
11
11
11
11
11
11
11
11
11
11
11
11
11
11
11
11
11
11
11
11
11
11
11
11
11
11
11
11
11
11
11
11
11
11
11
11
11
11
11
11
11
11
11
11
11
11
11
11
11
11
11
11
11
11
11
11
11
11
11
11
11
11
11
11
11
11
11
11
11
11
11
11
11
11
11
11
11
11
11
11
11
11
11
11
11
11
11
11
11
11
11
11
11
11
11
11
11
11
11
11
11
11
11
11
11
11
11
11
11
11
11
11
11
11
11
11
11
11
11
11
11
11
11
11
11
11
11
11
11
11
11
11
11
11
11
11
11
11
11
11
11
11
11
11
11
11
11
11
11
11
11
11
11
11
11
11
11
11
11
11
11
11
11
11
11
11
11
11
11
11
11
11
11
11
11
11
11
11
11
11
11
11
11
11
11
11
11
11
11
11
11
11
11
11
11
11
11
11
11
11
11
11
11
11
11
11
11
11
11
11
11
11
11
11
11
11
11
11
11
11
11
11
11
11
11
11
11
11
11
11
11
11
11
11
11
11
11
11
11
11
11
11
11
11
11
11
11
11
11
11
11
11
11
11
11
11
11
11
11
11
11
11
11
11
11
11
11
11
11
11
11
11
11
11
11
11
11
11
11
11
11
11
11
11
11
11
11
11
11
11
11
11
11
11
11
11
11
11
11
11
11
11
11
11
11
11
11
11
11
11
11
11
11
11
11
11
11
11
11
11
11
11
11
11
11
11
11
11
11
11
11
11
11
11
11
11
11
11
11
11
11
11
11
11
11
11
11
11
11
11
11
11
11
11
11
11
11
11
11
11
01
01
01
01
01
01
01
01
01
01
01
01
01
01
01
01
01
01
01
01
01
01
01
01
01
01
01
01
01
01
01
01
01
01
01
01
01
01
01
01
01
01
01
01
01
01
01
01
01
01
01
01
01
01
01
01
01
01
01
01
01
01
01
01
01
01
01
01
01
01
01
01
01
01
01
01
01
01
01
01
01
01
01
01
01
01
01
01
01
01
01
01
01
01
01
01
01
01
01
01
01
01
01
01
01
01
01
01
01
01
01
01
01
01
01
01
01
01
01
01
01
01
01
01
01
01
01
01
01
01
01
01
01
01
01
01
01
01
01
01
01
01
01
01
01
01
01
01
01
01
01
01
01
01
01
01
01
01
01
01
01
01
01
01
01
01
01
01
01
01
01
01
01
01
01
01
01
01
01
01
01
01
01
01
01
01
01
01
01
01
01
01
01
01
01
01
01
01
01
01
01
01
01
01
01
01
01
01
01
01
01
01
01
01
01
01
01
01
01
01
01
01
01
01
01
01
01
01
01
01
01
01
01
01
01
01
01
01
01
01
01
01
01
01
01
01
01
01
01
01
01
01
01
01
01
01
01
01
01
01
01
01
01
01
01
01
01
01
01
01
01
01
01
01
01
01
01
01
01
01
01
01
01
01
01
01
01
01
01
01
01
01
01
01
01
01
01
01
01
01
01
01
01
01
01
01
01
01
01
01
01
01
01
01
01
01
01
01
01
01
01
01
01
01
01
01
01
01
01
01
01
01
01
01
01
01
01
01
01
01
01
01
01
01
01
01
01
01
01
01
01
01
01
01
01
01
01
01
01
01
01
01
01
01
01
01
01
01
01
01
01
01
01
01
01
01
01
01
01
01
01
01
01
01
01
01
01
01
01
01
01
01
01
01
01
01
01
01
01
01
01
01
01
01
01
01
01
01
01
01
01
01
01
01
01
01
01
01
01
01
01
01
01
01
01
01
01
01
01
01
01
01
01
01
01
01
01
01
01
01
01
01
01
01
01
01
01
01
01
01
01
01
01
01
01
01
01
01
01
01
01
01
01
01
01
01
01
01
01
01
01
01
01
01
01
01
01
01
01
01
01
01
01
01
01
01
01
01
01
01
01
01
01
01
01
01
01
01
01
01
01
01
01
01
01
01
01
01
01
01
01
01
01
01
01
01
01
01
01
01
01
01
01
01
01
01
01
01
01
01
01
01
01
01
01
01
01
01
01
01
01
01
01
01
01
01
01
01
01
01
01
01
01
01
01
01
01
01
01
01
01
01
01
01
01
01
01
01
01
01
01
01
01
01
01
01
01
01
01
01
01
01
01
01
01
01
01
01
01
01
01
01
01
01
01
01
01
01
01
01
01
01
01
01
01
01
01
01
01
01
01
01
01
01
01
01
01
01
01
01
01
01
01
01
01
01
01
01
01
01
01
01
01
01
01
01
01
01
01
01
01
01
01
01
01
01
01
01
01
01
01
01
01
01
01
01
01
01
01
01
01
01
01
01
01
01
01
01
01
01
01
01
01
01
01
01
01
01
01
01
01
01
01
01
01
01
01
01
01
01
01
01
01
01
01
01
01
01
01
01
01
01
01
01
01
01
01
01
01
01
01
01
01
01
01
01
01
01
01
01
01
01
01
01
01
01
01
01
01
01
01
01
01
01
01
01
01
01
01
01
01
01
01
01
01
01
01
01
01
01
01
01
01
01
01
01
01
01
01
01
01
01
01
01
01
01
01
01
01
01
01
01
01
01
01
01
01
01
01
01
01
01
01
01
01
01
01
01
01
01
01
01
01
01
01
01
01
01
01
01
01
01
01
01
01
01
01
01
01
01
01
01
01
01
01
01
01
01
01
01
01
01
01
01
01
01
01
01
01
01
01
01
01
01
01
01
01
01
01
01
01
01
01
01
01
01
01
01
01
01
01
01
01
01
01
01
01
01
01
01
01
01
01
01
01
01
01
01
01
01
01
01
01
01
01
01
01
01
01
01
01
01
01
01
01
01
01
01
01
01
01
01
01
01
01
01
01
01
01
01
01
01
01
01
01
01
01
01
01
01
01
01
01
01
01
01
01
01
01
01
01
01
01
01
01
01
01
01
01
01
01
01
01
01
01
01
01
01
01
01
01
01
01
01
01
01
01
01
01
01
01
01
01
01
01
01
01
01
01
01
01
01
01
01
01
01
01
010
010
010
010
010
010
010
010
010
010
010
010
010
010
010
010
010
010
010
010
010
010
010
010
010
010
010
010
010
010
010
010
010
010
010
010
010
010
010
010
010
010
010
010
010
010
010
010
010
010
010
010
010
010
010
010
010
010
010
010
010
010
010
010
010
010
010
010
010
010
010
010
010
010
010
010
010
010
010
010
010
010
010
010
010
010
010
010
010
010
010
010
010
010
010
010
010
010
010
010
010
010
010
010
010
010
010
010
010
010
010
010
010
010
010
010
010
010
010
010
010
010
010
010
010
010
010
010
010
010
010
010
010
010
010
010
010
010
010
010
010
010
010
010
010
010
010
010
010
010
010
010
010
010
010
010
010
010
010
010
010
010
010
010
010
010
010
010
010
010
010
010
010
010
010
010
010
010
010
010
010
010
010
010
010
010
010
010
010
010
010
010
010
010
010
010
010
010
010
010
010
010
010
010
010
010
010
010
010
010
010
010
010
010
010
010
010
010
010
010
010
010
010
010
010
010
010
010
010
010
010
010
010
010
010
010
010
010
010
010
010
010
010
010
010
010
010
010
010
010
010
010
010
010
010
010
010
010
010
010
010
010
010
010
010
010
010
010
010
010
010
010
010
010
010
010
010
010
010
010
010
010
010
010
010
010
010
010
010
010
010
010
010
010
010
010
010
010
010
010
010
010
010
010
010
010
010
010
010
010
010
010
010
010
010
010
010
010
010
010
010
010
010
010
010
010
010
010
010
010
010
010
010
010
010
010
010
010
010
010
010
010
010
010
010
010
010
010
010
010
010
010
010
010
010
010
010
010
010
010
010
010
010
010
010
010
010
010
010
010
010
010
010
010
010
010
010
010
010
010
010
010
010
010
010
010
010
010
010
010
010
010
010
010
010
010
010
010
010
010
010
010
010
010
010
010
010
010
010
010
010
010
010
010
010
010
010
010
010
010
010
010
010
010
010
010
010
010
010
010
010
010
010
010
010
010
010
010
010
010
010
010
010
010
010
010
010
010
010
010
010
010
010
010
010
010
010
010
010
010
010
010
010
010
010
010
010
010
010
010
010
010
010
010
010
010
010
010
010
010
010
010
010
010
010
010
010
010
010
010
010
010
010
010
010
010
010
010
010
010
010
010
010
010
010
010
010
010
010
010
010
010
010
010
010
010
010
010
010
010
010
010
010
010
010
010
010
010
010
010
010
010
010
010
010
010
010
010
010
010
010
010
010
010
010
010
010
010
010
010
010
010
010
010
010
010
010
010
010
010
010
010
010
010
010
010
010
010
010
010
010
010
010
010
010
010
010
010
010
010
010
010
010
010
010
010
010
010
010
010
010
010
010
010
010
010
010
010
010
010
010
010
010
010
010
010
010
010
010
010
010
010
010
010
010
010
010
010
010
010
010
010
010
010
010
010
010
010
010
010
010
010
010
010
010
010
010
010
010
010
010
010
010
010
010
010
010
010
010
010
010
010
010
010
010
010
010
010
010
010
010
010
010
010
010
010
010
010
010
010
010
010
010
010
010
010
010
010
010
010
010
010
010
010
010
010
010
010
010
010
010
010
010
010
010
010
010
010
010
010
010
010
010
010
010
010
010
010
010
010
010
010
010
010
010
010
010
010
010
010
010
010
010
010
010
010
010
010
010
010
010
010
010
010
010
010
010
010
010
010
010
010
010
010
010
010
010
010
010
010
010
010
010
010
010
010
010
010
010
010
010
010
010
010
010
010
010
010
010
110
110
110
110
110
110
110
110
110
110
110
110
110
110
110
110
110
110
110
110
110
110
110
110
110
110
110
110
110
110
110
110
110
110
110
110
110
110
110
110
110
110
110
110
110
110
110
110
110
110
110
110
110
110
110
110
110
110
110
110
110
110
110
110
110
110
110
110
110
110
110
110
110
110
110
110
110
110
110
110
110
110
110
110
110
110
110
110
110
110
110
110
110
110
110
110
110
110
110
110
110
110
110
110
110
110
110
110
110
110
110
110
110
110
110
110
110
110
110
110
110
110
110
110
110
110
110
110
110
110
110
110
110
110
110
110
110
110
110
110
110
110
110
110
110
110
110
110
110
110
110
110
110
110
110
110
110
110
110
110
110
110
110
110
110
110
110
110
110
110
110
110
110
110
110
110
110
110
110
110
110
110
110
110
110
110
110
110
110
110
110
110
110
110
110
110
110
110
110
110
110
110
110
110
110
110
110
110
110
110
110
110
110
110
110
110
110
110
110
110
110
110
110
110
110
110
110
110
110
110
110
110
110
110
110
110
110
110
110
110
110
110
110
110
110
110
110
110
110
110
110
110
110
110
110
110
110
110
110
110
110
110
110
110
110
110
110
110
110
110
110
110
110
110
110
110
110
110
110
110
110
110
110
110
110
110
110
110
110
110
110
110
110
110
110
110
110
110
110
110
110
110
110
110
110
110
110
110
110
110
110
110
110
110
110
110
110
110
110
110
110
110
110
110
110
110
110
110
110
110
110
110
110
110
110
110
110
110
110
110
110
110
110
110
110
110
110
110
110
110
110
110
110
110
110
110
110
110
110
110
110
110
110
110
110
110
110
110
110
110
110
110
110
110
110
110
110
110
110
110
110
110
110
110
110
110
110
110
110
110
110
110
110
110
110
110
110
110
110
110
110
110
110
110
110
110
110
110
110
110
110
110
110
110
110
110
110
110
110
110
110
110
110
110
110
110
110
110
110
110
110
110
110
110
110
110
110
110
110
110
110
110
110
110
110
110
110
110
110
110
110
110
110
110
110
110
110
110
110
110
110
110
110
110
110
110
110
110
110
110
110
110
110
110
110
110
110
110
110
110
110
110
110
110
110
110
110
110
110
110
110
110
110
110
110
110
110
110
110
110
110
110
110
110
110
110
110
110
110
110
110
110
110
110
110
110
110
110
110
110
110
110
110
110
110
110
110
110
110
110
110
110
110
110
110
110
110
110
110
110
110
110
110
110
110
110
110
110
110
110
110
110
110
110
110
110
110
110
110
110
110
110
110
110
110
110
110
110
110
110
110
110
110
110
110
110
110
110
110
110
110
110
110
110
110
110
110
110
110
110
110
110
110
110
110
110
110
110
110
110
110
110
110
110
110
110
110
110
110
110
110
110
110
110
110
110
110
110
110
110
110
110
110
110
110
110
110
110
110
110
110
110
110
110
110
110
110
110
110
110
110
110
110
110
110
110
110
110
110
110
110
110
110
110
110
110
110
110
110
110
110
110
110
110
110
110
110
110
110
110
110
110
110
110
110
110
110
110
110
110
110
110
110
110
110
110
110
110
110
110
110
110
110
110
110
110
110
110
110
110
110
110
110
110
110
110
110
110
110
110
110
110
110
110
110
110
110
110
110
110
110
110
110
110
110
110
110
110
110
110
110
110
110
110
110
110
110
110
110
110
110
110
110
110
110
110
110
110
110
110
110
110
110
110
110
110
110
110
110
110
110
110
110
110
110
110
110
110
110
110
110
110
110
110
100
100
100
100
100
100
100
100
100
100
100
100
100
100
100
100
100
100
100
100
100
100
100
100
100
100
100
100
100
100
100
100
100
100
100
100
100
100
100
100
100
100
100
100
100
100
100
100
100
100
100
100
100
100
100
100
100
100
100
100
100
100
100
100
100
100
100
100
100
100
100
100
100
100
100
100
100
100
100
100
100
100
100
100
100
100
100
100
100
100
100
100
100
100
100
100
100
100
100
100
100
100
100
100
100
100
100
100
100
100
100
100
100
100
100
100
100
100
100
100
100
100
100
100
100
100
100
100
100
100
100
100
100
100
100
100
100
100
100
100
100
100
100
100
100
100
100
100
100
100
100
100
100
100
100
100
100
100
100
100
100
100
100
100
100
100
100
100
100
100
100
100
100
100
100
100
100
100
100
100
100
100
100
100
100
100
100
100
100
100
100
100
100
100
100
100
100
100
100
100
100
100
100
100
100
100
100
100
100
100
100
100
100
100
100
100
100
100
100
100
100
100
100
100
100
100
100
100
100
100
100
100
100
100
100
100
100
100
100
100
100
100
100
100
100
100
100
100
100
100
100
100
100
100
100
100
100
100
100
100
100
100
100
100
100
100
100
100
100
100
100
100
100
100
100
100
100
100
100
100
100
100
100
100
100
100
100
100
100
100
100
100
100
100
100
100
100
100
100
100
100
100
100
100
100
100
100
100
100
100
100
100
100
100
100
100
100
100
100
100
100
100
100
100
100
100
100
100
100
100
100
100
100
100
100
100
100
100
100
100
100
100
100
100
100
100
100
100
100
100
100
100
100
100
100
100
100
100
100
100
100
100
100
100
100
100
100
100
100
100
100
100
100
100
100
100
100
100
100
100
100
100
100
100
100
100
100
100
100
100
100
100
100
100
100
100
100
100
100
100
100
100
100
100
100
100
100
100
100
100
100
100
100
100
100
100
100
100
100
100
100
100
100
100
100
100
100
100
100
100
100
100
100
100
100
100
100
100
100
100
100
100
100
100
100
100
100
100
100
100
100
100
100
100
100
100
100
100
100
100
100
100
100
100
100
100
100
100
100
100
100
100
100
100
100
100
100
100
100
100
100
100
100
100
100
100
100
100
100
100
100
100
100
100
100
100
100
100
100
100
100
100
100
100
100
100
100
100
100
100
100
100
100
100
100
100
100
100
100
100
100
100
100
100
100
100
100
100
100
100
100
100
100
100
100
100
100
100
100
100
100
100
100
100
100
100
100
100
100
100
100
100
100
100
100
100
100
100
100
100
100
100
100
100
100
100
100
100
100
100
100
100
100
100
100
100
100
100
100
100
100
100
100
100
100
100
100
100
100
100
100
100
100
100
100
100
100
100
100
100
100
100
100
100
100
100
100
100
100
100
100
100
100
100
100
100
100
100
100
100
100
100
100
100
100
100
100
100
100
100
100
100
100
100
100
100
100
100
100
100
100
100
100
100
100
100
100
100
100
100
100
100
111
111
111
111
111
111
111
111
111
111
111
111
111
111
111
111
111
111
111
111
111
111
111
111
111
111
111
111
111
111
111
111
111
111
111
111
111
111
111
111
111
111
111
111
111
111
111
111
111
111
111
111
111
111
111
111
111
111
111
111
111
111
111
111
111
111
111
111
111
111
111
111
111
111
111
111
111
111
111
111
111
111
111
111
111
111
111
111
111
111
111
111
111
111
111
111
111
111
111
111
111
111
111
111
111
111
111
111
111
111
111
111
111
111
111
111
111
111
111
111
111
111
111
111
111
111
111
111
111
111
111
111
111
111
111
111
111
111
111
111
111
111
111
111
111
111
111
111
111
111
111
111
111
111
111
111
111
111
111
111
111
111
111
111
111
111
111
111
111
111
111
111
111
111
111
111
111
111
111
111
111
111
111
111
111
111
111
111
111
111
111
111
111
111
111
111
111
111
111
111
111
111
111
111
111
111
111
111
111
111
111
111
111
111
111
111
111
111
111
111
111
111
111
111
111
111
111
111
111
111
111
111
111
111
111
111
111
111
111
111
111
111
111
111
111
111
111
111
111
111
111
111
111
111
111
111
111
111
111
111
111
111
111
111
111
111
111
111
111
111
111
111
111
111
111
111
111
111
111
111
111
111
111
111
111
111
111
111
111
111
111
111
111
111
111
111
111
111
111
111
111
111
111
111
111
111
111
111
111
111
111
111
111
111
111
111
111
111
111
111
111
111
111
111
111
111
111
111
111
111
111
111
111
111
111
111
111
111
111
111
111
111
111
111
111
111
111
111
111
111
111
111
111
111
111
111
111
111
111
111
111
111
111
111
111
111
111
111
111
111
111
111
111
111
111
111
111
111
111
111
111
111
111
111
111
111
111
111
111
111
111
111
111
111
111
111
111
111
111
111
111
111
111
111
111
111
111
111
111
111
111
111
111
111
111
111
111
111
111
111
111
111
111
111
111
111
111
111
111
111
111
111
111
111
111
111
111
111
111
111
111
111
111
111
111
111
111
111
111
111
111
111
111
111
111
111
111
111
111
111
111
111
111
111
111
111
111
111
111
111
111
111
111
111
111
111
111
111
111
111
111
111
111
111
111
111
111
111
111
111
111
111
111
111
111
111
111
111
111
111
111
111
111
111
111
111
111
111
111
111
111
111
111
111
111
111
111
111
111
111
111
111
111
111
111
111
111
111
111
111
111
111
111
111
111
111
111
111
111
111
111
111
111
111
111
111
111
111
111
111
111
111
111
111
111
111
111
111
111
111
111
111
111
111
111
111
111
111
111
111
111
111
111
111
011
011
011
011
011
011
011
011
011
011
011
011
011
011
011
011
011
011
011
011
011
011
011
011
011
011
011
011
011
011
011
011
011
011
011
011
011
011
011
011
011
011
011
011
011
011
011
011
011
011
011
011
011
011
011
011
011
011
011
011
011
011
011
011
011
011
011
011
011
011
011
011
011
011
011
011
011
011
011
011
011
011
011
011
011
011
011
011
011
011
011
011
011
011
011
011
011
011
011
011
011
011
011
011
011
011
011
011
011
011
011
011
011
011
011
011
011
011
011
011
011
011
011
011
011
011
011
011
011
011
011
011
011
011
011
011
011
011
011
011
011
011
011
011
011
011
011
011
011
011
011
011
011
011
011
011
011
011
011
011
011
011
011
011
011
011
011
011
011
011
011
011
011
011
011
011
011
011
011
011
011
011
011
011
011
011
011
011
011
011
011
011
011
011
011
011
011
011
011
011
011
011
011
011
011
011
011
011
011
011
011
011
011
011
011
011
011
011
011
011
011
011
011
011
011
011
011
011
011
011
011
011
011
011
011
011
011
011
011
011
011
011
011
011
011
011
011
011
011
011
011
011
011
011
011
011
011
011
011
011
011
011
011
011
011
011
011
011
011
011
011
011
011
011
011
011
011
011
011
011
011
011
011
011
011
011
011
011
011
011
011
011
011
011
011
011
011
011
011
011
011
011
011
011
011
011
011
011
011
011
011
011
011
011
011
011
011
011
011
011
011
011
011
011
011
011
011
011
011
011
011
011
011
011
011
011
011
011
011
011
011
011
011
011
011
011
011
011
011
011
011
011
011
011
011
011
011
011
011
011
011
011
011
011
011
011
011
011
011
011
011
011
011
011
011
011
011
011
011
011
011
011
011
011
011
011
011
011
011
011
011
011
011
011
011
011
011
011
011
011
011
011
011
011
011
011
011
011
011
011
011
011
011
011
011
011
011
011
011
011
011
011
011
011
011
011
011
011
011
011
011
011
011
011
011
011
011
011
011
011
011
011
011
011
011
011
011
011
011
011
011
011
011
011
011
011
011
011
011
011
011
011
011
011
011
011
011
011
011
011
011
011
011
011
011
011
011
011
011
101
101
101
101
101
101
101
101
101
101
101
101
101
101
101
101
101
101
101
101
101
101
101
101
101
101
101
101
101
101
101
101
101
101
101
101
101
101
101
101
101
101
101
101
101
101
101
101
101
101
101
101
101
101
101
101
101
101
101
101
101
101
101
101
101
101
101
101
101
101
101
101
101
101
101
101
101
101
101
101
101
101
101
101
101
101
101
101
101
101
101
101
101
101
101
101
101
101
101
101
101
101
101
101
101
101
101
101
101
101
101
101
101
101
101
101
101
101
101
101
101
101
101
101
101
101
101
101
101
101
101
101
101
101
101
101
101
101
101
101
101
101
101
101
101
101
101
101
101
101
101
101
101
101
101
101
101
101
101
101
101
101
101
101
101
101
101
101
101
101
101
101
101
101
101
101
101
101
101
101
101
101
101
101
101
101
101
101
101
101
101
101
101
101
101
101
101
101
101
101
101
101
101
101
101
101
101
101
101
101
101
101
101
101
101
101
101
101
101
101
101
101
101
101
101
101
101
101
101
101
101
101
101
101
101
101
101
101
101
101
101
101
101
101
101
101
101
101
101
101
101
101
101
101
101
101
101
101
101
101
101
101
101
101
101
101
101
101
101
101
101
101
101
101
101
101
101
101
101
101
101
101
101
101
101
101
101
101
101
101
101
101
101
101
101
101
101
101
101
101
101
101
101
101
101
101
101
101
101
101
101
101
101
101
101
101
101
101
101
101
101
101
101
101
101
101
101
101
101
101
101
101
101
101
101
101
101
101
101
101
101
101
101
101
101
101
101
101
101
101
101
101
101
101
101
101
101
101
101
101
101
101
101
101
101
101
101
101
101
101
101
101
101
101
101
101
101
101
101
101
101
101
101
101
101
101
101
101
101
101
101
101
101
101
101
101
101
101
101
101
101
101
101
101
101
101
101
101
101
101
101
101
101
101
101
101
101
101
101
101
101
101
101
101
101
101
101
101
101
101
101
101
101
101
101
101
101
101
101
101
1110
1110
1110
1110
1110
1110
1110
1110
1110
1110
1110
1110
1110
1110
1110
1110
1110
1110
1110
1110
1110
1110
1110
1110
1110
1110
1110
1110
1110
1110
1110
1110
1110
1110
1110
1110
1110
1110
1110
1110
1110
1110
1110
1110
1110
1110
1110
1110
1110
1110
1110
1110
1110
1110
1110
1110
1110
1110
1110
1110
1110
1110
1110
1110
1110
1110
1110
1110
1110
1110
1110
1110
1110
1110
1110
1110
1110
1110
1110
1110
1110
1110
1110
1110
1110
1110
1110
1110
1110
1110
1110
1110
1110
1110
1110
1110
1110
1110
1110
1110
1110
1110
1110
1110
1110
1110
1110
1110
1110
1110
1110
1110
1110
1110
1110
1110
1110
1110
1110
1110
1110
1110
1110
1110
1110
1110
1110
1110
1110
1110
1110
1110
1110
1110
1110
1110
1110
1110
1110
1110
1110
1110
1110
1110
1110
1110
1110
1110
1110
1110
1110
1110
1110
1110
1110
1110
1110
1110
1110
1110
1110
1110
1110
1110
1110
1110
1110
1110
1110
1110
1110
1110
1110
1110
1110
1110
1110
1110
1110
1110
1110
1110
1110
1110
1110
1110
1110
1110
1110
1110
1110
1110
1110
1110
1110
1110
1110
1110
1110
1110
1110
1110
1110
1110
1110
1110
1110
1110
1110
1110
1110
1110
1110
1110
1110
1110
1110
1110
1110
1110
1110
1110
1110
1110
1110
1110
1110
1110
1110
1110
1110
1110
1110
1110
1110
1110
1110
1110
1110
1110
1110
1110
1110
1110
1110
1110
1110
1110
1110
1110
1110
1110
1110
1110
1110
1110
1110
1110
1110
1110
1110
1110
1110
1110
1110
1110
1110
1110
1110
1110
1110
1110
1110
1110
1110
1110
1110
1110
1110
1110
1110
1110
1110
1110
1110
1110
1110
1110
1110
1110
1110
1110
1110
1110
1110
1110
1110
1110
1110
1110
1110
1110
1110
1110
1110
1110
1110
1110
1110
1110
1110
1110
1110
1110
1110
1110
1110
1110
1110
1110
1110
1110
1110
1110
1110
1110
1110
1110
1110
1110
1110
1110
1110
1110
1110
1110
1110
1110
1110
1110
1110
1110
1110
1110
1110
1110
1110
1110
1110
1110
1110
1110
1110
1110
1110
1110
1110
1100
1100
1100
1100
1100
1100
1100
1100
1100
1100
1100
1100
1100
1100
1100
1100
1100
1100
1100
1100
1100
1100
1100
1100
1100
1100
1100
1100
1100
1100
1100
1100
1100
1100
1100
1100
1100
1100
1100
1100
1100
1100
1100
1100
1100
1100
1100
1100
1100
1100
1100
1100
1100
1100
1100
1100
1100
1100
1100
1100
1100
1100
1100
1100
1100
1100
1100
1100
1100
1100
1100
1100
1100
1100
1100
1100
1100
1100
1100
1100
1100
1100
1100
1100
1100
1100
1100
1100
1100
1100
1100
1100
1100
1100
1100
1100
1100
1100
1100
1100
1100
1100
1100
1100
1100
1100
1100
1100
1100
1100
1100
1100
1100
1100
1100
1100
1100
1100
1100
1100
1100
1100
1100
1100
1100
1100
1100
1100
1100
1100
1100
1100
1100
1100
1100
1100
1100
1100
1100
1100
1100
1100
1100
1100
1100
1100
1100
1100
1100
1100
1100
1100
1100
1100
1100
1100
1100
1100
1100
1100
1100
1100
1100
1100
1100
1100
1100
1100
1100
1100
1100
1100
1100
1100
1100
1100
1100
1100
1100
1100
1100
1100
1100
1100
1100
1100
1100
1100
1100
1100
1100
1100
1100
1100
1100
1100
1100
1100
1100
1100
1100
1100
1100
1100
1100
1100
1100
1100
1100
1100
1100
1100
1100
1100
1100
1100
1100
1100
1100
1100
1100
1100
1100
1100
1100
1100
1100
1100
1100
1100
1100
1100
1100
1100
1100
1100
1100
1100
1100
1100
1100
1100
1100
1100
1100
1100
1100
1100
1100
1100
1100
1100
1100
1100
1100
1100
1100
1100
1100
1100
1100
1100
1100
1100
1100
1100
1100
1100
1100
1100
1100
1100
1100
1100
1100
1100
1100
1100
1100
1100
1100
1100
1100
1100
1100
1100
1100
1100
1100
1100
1100
1100
1100
1100
1100
1100
1100
1100
1100
1100
1100
1100
1100
1100
1100
1100
1100
1100
1100
1100
1100
1100
1100
1100
1100
1100
1100
1100
1100
1100
1100
1100
1100
1100
1100
1100
1100
1100
1100
1100
1100
1100
1100
1100
1100
1100
0110
0110
0110
0110
0110
0110
0110
0110
0110
0110
0110
0110
0110
0110
0110
0110
0110
0110
0110
0110
0110
0110
0110
0110
0110
0110
0110
0110
0110
0110
0110
0110
0110
0110
0110
0110
0110
0110
0110
0110
0110
0110
0110
0110
0110
0110
0110
0110
0110
0110
0110
0110
0110
0110
0110
0110
0110
0110
0110
0110
0110
0110
0110
0110
0110
0110
0110
0110
0110
0110
0110
0110
0110
0110
0110
0110
0110
0110
0110
0110
0110
0110
0110
0110
0110
0110
0110
0110
0110
0110
0110
0110
0110
0110
0110
0110
0110
0110
0110
0110
0110
0110
0110
0110
0110
0110
0110
0110
0110
0110
0110
0110
0110
0110
0110
0110
0110
0110
0110
0110
0110
0110
0110
0110
0110
0110
0110
0110
0110
0110
0110
0110
0110
0110
0110
0110
0110
0110
0110
0110
0110
0110
0110
0110
0110
0110
0110
0110
0110
0110
0110
0110
0110
0110
0110
0110
0110
0110
0110
0110
0110
0110
0110
0110
0110
0110
0110
0110
0110
0110
0110
0110
0110
0110
0110
0110
0110
0110
0110
0110
0110
0110
0110
0110
0110
0110
0110
0110
0110
0110
0110
0110
0110
0110
0110
0110
0110
0110
0110
0110
0110
0110
0110
0110
0110
0110
0110
0110
0110
0110
0110
0110
0110
0110
0110
0110
0110
0110
0110
0110
0110
0110
0110
0110
0110
0110
0110
0110
0110
0110
0110
0110
0110
0110
0110
0110
0110
0110
0110
0110
0110
0110
0110
0110
0110
0110
0110
0110
0110
0110
0110
0110
0110
0110
0110
0110
0110
0110
0110
0110
0110
0110
0110
0110
0110
0110
0110
0110
0110
0110
0110
0110
0110
0110
0110
0110
0110
0110
0110
0110
0110
0110
0110
0110
0110
0110
0110
0110
0110
0110
0110
0110
0110
0110
0110
0110
0110
0110
0110
0110
0110
0110
0110
0110
0110
0110
0110
0110
0110
0110
0110
0110
0110
10001
10001
10001
10001
10001
10001
10001
10001
10001
10001
10001
10001
10001
10001
10001
10001
10001
10001
10001
10001
10001
10001
10001
10001
10001
10001
10001
10001
10001
10001
10001
10001
10001
10001
10001
10001
10001
10001
10001
10001
10001
10001
10001
10001
10001
10001
10001
10001
10001
10001
10001
10001
10001
10001
10001
10001
10001
10001
10001
10001
10001
10001
10001
10001
10001
10001
10001
10001
10001
10001
10001
10001
10001
10001
10001
10001
10001
10001
10001
10001
10001
10001
10001
10001
10001
10001
10001
10001
10001
10001
10001
10001
10001
10001
10001
10001
10001
10001
10001
10001
10001
10001
10001
10001
10001
10001
10001
10001
10001
10001
10001
10001
10001
10001
10001
10001
10001
10001
10001
10001
10001
10001
10001
10001
10001
10001
10001
10001
10001
10001
10001
10001
10001
10001
10001
10001
10001
10001
10001
10001
10001
10001
10001
10001
10001
10001
10001
10001
10001
10001
10001
10001
10001
10001
10001
10001
10001
10001
10001
10001
10001
10001
10001
10001
10001
10001
10001
10001
10001
10001
10001
10001
10001
10001
10001
10001
10001
10001
10001
10001
10001
10001
10001
10001
10001
10001
10001
10001
10001
10001
10001
10001
10001
10001
10001
10001
10001
10001
10001
10001
10001
10001
10001
10001
10001
10001
10001
10001
10001
10001
10001
10001
10001
10001
10001
10001
10001
10001
10001
10001
10001
10001
10001
10001
10001
10001
10001
10001
10001
10001
10001
10001
10001
10001
10001
10001
10001
10001
10001
10001
10001
10001
10001
10001
10001
10001
10001
10001
10001
10001
10001
10001
10001
10001
10001
10001
10001
10001
10001
10001
10001
10001
10001
10001
10001
10001
10001
10001
10001
10001
10001
10001
10001
10001
10001
10001
10001
10001
10001
10001
10001
10001
10001
10001
10001
10001
10001
10001
10001
10001
10001
10001
10001
10001
10001
10001
10001
10001
10001
10001
10001
10001
10001
10001
10001
10001
10001
10001
10001
10001
10001
10001
10001
10001
10001
10001
10001
10001
10001
10001
10001
10001
10001
10001
10001
10001
10001
10001
10001
10001
10001
10001
10001
10001
10001
10001
10001
10001
10001
10001
10001
10001
10001
10001
10001
10001
10001
10001
10001
10001
10001
10001
10001
10001
10001
10001
10001
10001
10001
10001
10001
10001
10001
10001
10001
10001
10001
10001
10001
10001
10001
10001
10001
10001
10001
10001
10001
10001
10001
10001
10001
10001
10001
10001
10001
10001
10001
10001
10001
10001
10001
10001
10001
10001
10001
10001
10001
10001
10001
10001
10001
10001
10001
10001
10001
10001
10001
10001
10001
10001
10001
10001
10001
10001
10001
10001
10001
10001
10001
10001
10001
10001
10001
10001
10001
10001
10001
10001
10001
10001
10001
10001
10001
10001
10001
10001
10001
10001
10001
10001
10001
10001
10001
10001
10001
10001
10001
10001
10001
10001
10001
10001
10001
10001
10001
10001
10001
10001
10001
10001
10001
10001
10001
10001
10001
10001
10001
10001
10001
10001
10001
10001
10001
10001
10001
10001
10001
10001
10001
10001
10001
10001
10001
10001
10001
10001
10001
10001
10001
10001
10001
10001
10001
10001
10001
10001
10001
10001
10001
10001
10001
10001
10001
10001
10001
10001
10001
10001
10001
10001
10001
10001
10001
10001
10001
10001
10001
10001
10001
10001
10001
10001
10001
10001
10001
10001
10001
10001
10001
10001
10001
10001
10001
10001
10001
10001
10001
10001
10001
10001
10001
10001
10001
10001
10001
10001
10001
10001
10001
10001
10001
10001
10001
10001
10001
10001
10001
10001
10001
10001
10001
10001
10001
10001
10001
10001
10001
10001
10001
10001
10001
10001
10001
10001
10001
10001
10001
10001
10001
10001
10001
10001
10001
10001
10001
10001
10001
10001
10001
10001
10001
10001
10001
10001
10001
10001
10001
10001
10001
10001
10001
10001
10001
10001
10001
10001
10001
10001
10001
10001
10001
10001
10001
10001
10001
10001
10001
10001
10001
10001
10001
10001
10001
10001
10001
10001
10001
10001
10001
10001
10001
10001
10001
10001
10001
10001
10001
10001
10001
10001
10001
10001
10001
10001
10001
10001
10001
10001
10001
10001
10001
10001
10001
10001
10001
10001
10001
10001
10001
10001
10001
10001
10001
10001
10001
10001
10001
10001
10001
10001
10001
10001
10001
10001
10001
10001
10001
10001
10001
10001
10001
10001
10001
10001
10001
10001
10001
10001
10001
10001
10001
10001
10001
10001
10001
10001
10001
10001
10001
10001
10001
10001
10001
10001
10001
10001
10001
10001
10001
10001
10001
10001
10001
10001
10001
10001
10001
10001
10001
10001
10001
10001
10001
10001
10001
10001
10001
10001
10001
10001
10001
10001
10001
10001
10001
10001
10001
10001
10001
10001
10001
10001
10001
10001
10001
10001
10001
10001
10001
10001
10001
10001
10001
10001
10001
10001
10001
10001
10001
10001
10001
10001
10001
10001
10001
10001
10001
10001
10001
10001
10001
10001
10001
10001
10001
10001
10001
10001
10001
10001
10001
10001
10001
10001
10001
10001
10001
10001
10001
10001
10001
10001
10001
10001
10001
10001
10001
10001
10001
10001
10001
10001
10001
10001
10001
10001
10001
01001
01001
01001
01001
01001
01001
01001
01001
01001
01001
01001
01001
01001
01001
01001
01001
01001
01001
01001
01001
01001
01001
01001
01001
01001
01001
01001
01001
01001
01001
01001
01001
01001
01001
01001
01001
01001
01001
01001
01001
01001
01001
01001
01001
01001
01001
01001
01001
01001
01001
01001
01001
01001
01001
01001
01001
01001
01001
01001
01001
01001
01001
01001
01001
01001
01001
01001
01001
01001
01001
01001
01001
01001
01001
01001
01001
01001
01001
01001
01001
01001
01001
01001
01001
01001
01001
01001
01001
01001
01001
01001
01001
01001
01001
01001
01001
01001
01001
01001
01001
01001
01001
01001
01001
01001
01001
01001
01001
01001
01001
01001
01001
01001
01001
01001
01001
01001
01001
01001
01001
01001
01001
01001
01001
01001
01001
01001
01001
01001
01001
01001
01001
01001
01001
01001
01001
01001
01001
01001
01001
01001
01001
01001
01001
01001
01001
01001
01001
01001
01001
01001
01001
01001
01001
01001
01001
01001
01001
01001
01001
01001
01001
01001
01001
01001
01001
01001
01001
01001
01001
01001
01001
01001
01001
01001
01001
01001
01001
01001
01001
01001
01001
01001
01001
01001
01001
01001
01001
01001
01001
01001
01001
01001
01001
01001
01001
01001
01001
01001
01001
01001
01001
01001
01001
01001
01001
01001
01001
01001
01001
01001
01001
01001
01001
01001
01001
01001
01001
01001
01001
01001
01001
01001
01001
01001
01001
01001
01001
01001
01001
01001
01001
01001
01001
01001
01001
01001
01001
01001
01001
01001
01001
01001
01001
01001
01001
01001
01001
01001
01001
01001
01001
01001
01001
01001
01001
01001
01001
01001
01001
01001
01001
01001
01001
01001
01001
01001
01001
01001
01001
01001
01001
01001
01001
01001
01001
01001
01001
01001
01001
01001
01001
01001
01001
01001
01001
01001
01001
01001
01001
01001
01001
01001
01001
01001
01001
01001
01001
01001
01001
01001
01001
01001
01001
01001
01001
01001
01001
01001
01001
01001
01001
01001
01001
01001
01001
01001
01001
01001
01001
01001
01001
01001
01001
01001
01001
01001
01001
01001
01001
01001
01001
01001
01001
01001
01001
01001
01001
01001
01001
01001
01001
01001
01001
01001
01001
01001
01001
01001
01001
01001
01001
01001
01001
01001
01001
01001
01001
01001
01001
01001
01001
01001
01001
01001
01001
01001
01001
01001
01001
01001
01001
01001
01001
01001
01001
01001
01001
01001
01001
01001
01001
01001
01001
01001
01001
01001
01001
01001
01001
01001
01001
01001
01001
01001
01001
01001
01001
01001
01001
01001
01001
01001
01001
01001
01001
01001
01001
01001
01001
01001
01001
01001
01001
01001
01001
01001
01001
01001
01001
01001
01001
01001
01001
01001
01001
01001
01001
01001
01001
01001
01001
01001
01001
01001
01001
01001
01001
01001
01001
01001
01001
01001
01001
01001
01001
01001
01001
01001
01001
01001
01001
01001
01001
01001
01001
01001
01001
01001
01001
01001
01001
01001
01001
01001
01001
01001
01001
01001
01001
01001
01001
01001
01001
01001
01001
01001
01001
01001
01001
01001
01001
01001
01001
01001
01001
01001
01001
01001
01001
01001
01001
01001
01001
01001
01001
01001
01001
01001
01001
01001
01001
01001
01001
01001
01001
01001
01001
01001
01001
01001
01001
01001
01001
01001
01001
01001
01001
01001
01001
01001
01001
01001
01001
01001
01001
01001
01001
01001
01001
01001
01001
01001
01001
01001
01001
01001
01001
01001
01001
01001
01001
01001
01001
01001
01001
01001
01001
01001
01001
01001
01001
01001
01001
01001
01001
01001
01001
01001
01001
01001
01001
01001
01001
01001
01001
01001
01001
01001
01001
01001
01001
01001
01001
01001
01001
01001
01001
01001
01001
01001
01001
01001
01001
01001
01001
01001
01001
01001
01001
01001
01001
01001
01001
01001
01001
01001
01001
01001
01001
01001
01001
01001
01001
01001
01001
01001
01001
01001
01001
01001
01001
01001
01001
01001
01001
01001
01001
01001
01001
01001
01001
01001
01001
01001
01001
01001
01001
01001
01001
01001
01001
01001
01001
01001
01001
01001
01001
01001
01001
01001
01001
01001
01001
01001
01001
01001
01001
01001
01001
01001
01001
01001
01001
01001
01001
01001
01001
01001
01001
01001
01001
01001
01001
01001
01001
01001
01001
01001
01001
01001
01001
01001
01001
01001
01001
01001
01001
01001
01001
01001
01001
01001
01001
01001
01001
01001
01001
01001
01001
01001
01001
01001
01001
01001
01001
01001
01001
01001
01001
01001
01001
01001
01001
01001
01001
01001
01001
01001
01001
01001
01001
01001
01001
01001
01001
01001
01001
01001
01001
01001
01001
01001
01001
01001
01001
01001
01001
01001
01001
01001
01001
01001
01001
01001
01001
01001
01001
01001
01001
01001
01001
01001
01001
01001
01001
01001
01001
01001
01001
01001
01001
01001
01001
1010
1010
1010
1010
1010
1010
1010
1010
1010
1010
1010
1010
1010
1010
1010
1010
1010
1010
1010
1010
1010
1010
1010
1010
1010
1010
1010
1010
1010
1010
1010
1010
1010
1010
1010
1010
1010
1010
1010
1010
1010
1010
1010
1010
1010
1010
1010
1010
1010
1010
1010
1010
1010
1010
1010
1010
1010
1010
1010
1010
1010
1010
1010
1010
1010
1010
1010
1010
1010
1010
1010
1010
1010
1010
1010
1010
1010
1010
1010
1010
1010
1010
1010
1010
1010
1010
1010
1010
1010
1010
1010
1010
1010
1010
1010
1010
1010
1010
1010
1010
1010
1010
1010
1010
1010
1010
1010
1010
1010
1010
1010
1010
1010
1010
1010
1010
1010
1010
1010
1010
1010
1010
1010
1010
1010
1010
1010
1010
1010
1010
1010
1010
1010
1010
1010
1010
1010
1010
1010
1010
1010
1010
1010
1010
1010
1010
1010
1010
1010
1010
1010
1010
1010
1010
1010
1010
1010
1010
1010
1010
1010
1010
1010
1010
1010
1010
1010
1010
1010
1010
1010
1010
1010
1010
1010
1010
1010
1010
1010
1010
1010
1010
1010
1010
1010
1010
1010
1010
1010
1010
1010
1010
1010
1010
1010
1010
1010
1010
1010
1010
1010
1010
1010
1010
1010
1010
1010
1010
1010
1010
1010
1010
1010
1010
1010
1010
1010
1010
1010
1010
1010
1010
1010
1010
1010
1010
1010
1010
1010
1010
1010
1010
1010
1010
1010
1010
1010
1010
1010
1010
1010
1010
1010
1010
1010
1010
1010
1010
1010
1010
1010
1010
1010
1010
1010
1010
1010
1010
1010
1010
1010
1010
1010
1010
1010
1010
1010
1010
1010
1010
1010
1010
1010
1010
1010
1010
1010
1010
1010
1010
1010
1010
1010
1010
1010
1010
1010
1010
1010
1010
1010
1010
1010
1010
1010
1111
1111
1111
1111
1111
1111
1111
1111
1111
1111
1111
1111
1111
1111
1111
1111
1111
1111
1111
1111
1111
1111
1111
1111
1111
1111
1111
1111
1111
1111
1111
1111
1111
1111
1111
1111
1111
1111
1111
1111
1111
1111
1111
1111
1111
1111
1111
1111
1111
1111
1111
1111
1111
1111
1111
1111
1111
1111
1111
1111
1111
1111
1111
1111
1111
1111
1111
1111
1111
1111
1111
1111
1111
1111
1111
1111
1111
1111
1111
1111
1111
1111
1111
1111
1111
1111
1111
1111
1111
1111
1111
1111
1111
1111
1111
1111
1111
1111
1111
1111
1111
1111
1111
1111
1111
1111
1111
1111
1111
1111
1111
1111
1111
1111
1111
1111
1111
1111
1111
1111
1111
1111
1111
1111
1111
1111
1111
1111
1111
1111
1111
1111
1111
1111
1111
1111
1111
1111
1111
1111
1111
1111
1111
1111
1111
1111
1111
1111
1111
1111
1111
1111
1111
1111
1111
1111
1111
1111
1111
1111
1111
1111
1111
1111
1111
1111
1111
1111
1111
1111
1111
1111
1111
1111
1111
1111
1111
1111
1111
1111
1111
1111
1111
1111
1111
1111
1111
1111
1111
1111
1111
1111
1111
1111
1111
1111
1111
1111
1111
1111
1111
1111
1111
1111
1111
1111
1111
1111
1111
1111
1111
1111
1111
1111
1111
1111
1111
1111
1111
1111
1111
1111
1111
1111
1111
1111
1111
1111
1111
1111
1111
1111
1111
1111
1111
1111
1111
1111
1111
1111
1111
1111
1111
1111
1111
1111
1111
1111
1111
1111
1111
1111
1111
1111
1111
1111
1111
1111
1111
1111
1111
1111
1111
1111
1111
1111
1111
1111
1111
1111
1111
1111
1111
1111
1111
1111
1111
1111
1111
1111
0111
0111
0111
0111
0111
0111
0111
0111
0111
0111
0111
0111
0111
0111
0111
0111
0111
0111
0111
0111
0111
0111
0111
0111
0111
0111
0111
0111
0111
0111
0111
0111
0111
0111
0111
0111
0111
0111
0111
0111
0111
0111
0111
0111
0111
0111
0111
0111
0111
0111
0111
0111
0111
0111
0111
0111
0111
0111
0111
0111
0111
0111
0111
0111
0111
0111
0111
0111
0111
0111
0111
0111
0111
0111
0111
0111
0111
0111
0111
0111
0111
0111
0111
0111
0111
0111
0111
0111
0111
0111
0111
0111
0111
0111
0111
0111
0111
0111
0111
0111
0111
0111
0111
0111
0111
0111
0111
0111
0111
0111
0111
0111
0111
0111
0111
0111
0111
0111
0111
0111
0111
0111
0111
0111
0111
0111
0111
0111
0111
0111
0111
0111
0111
0111
0111
0111
0111
0111
0111
0111
0111
0111
0111
0111
0111
0111
0111
0111
0111
0111
0111
0111
0111
0111
0111
0111
0111
0111
0111
0111
0111
0111
0111
0111
0111
0111
0111
0111
0111
0111
0111
0111
0111
0111
0111
0111
0111
0111
0111
0111
0111
0111
0111
0111
0111
0111
0111
0111
0111
0111
0111
0111
0111
0111
0111
0111
0111
0111
0111
0111
0111
0111
0111
0111
0111
0111
0111
0111
0111
0111
0111
0111
0111
0111
0111
0111
0111
0111
0111
0111
0111
0111
0111
0111
0111
0111
0111
0111
0111
1001
1001
1001
1001
1001
1001
1001
1001
1001
1001
1001
1001
1001
1001
1001
1001
1001
1001
1001
1001
1001
1001
1001
1001
1001
1001
1001
1001
1001
1001
1001
1001
1001
1001
1001
1001
1001
1001
1001
1001
1001
1001
1001
1001
1001
1001
1001
1001
1001
1001
1001
1001
1001
1001
1001
1001
1001
1001
1001
1001
1001
1001
1001
1001
1001
1001
1001
1001
1001
1001
1001
1001
1001
1001
1001
1001
1001
1001
1001
1001
1001
1001
1001
1001
1001
1001
1001
1001
1001
1001
1001
1001
1001
1001
1001
1001
1001
1001
1001
1001
1001
1001
1001
1001
1001
1001
1001
1001
1001
1001
1001
1001
1001
1001
1001
1001
1001
1001
1001
1001
1001
1001
1001
1001
1001
1001
1001
1001
1001
1001
1001
1001
1001
1001
1001
1001
1001
1001
1001
1001
1001
1001
1001
1001
1001
1001
1001
1001
1001
1001
1001
1001
1001
1001
1001
1001
1001
1001
1001
1001
1001
1001
1001
1001
1001
1001
1001
1001
1001
1001
1001
1001
1001
1001
1001
1001
1001
1001
1001
1001
1001
1001
1001
1001
1001
1001
1001
1001
1001
1001
1001
1001
1001
1001
1001
1001
1001
1001
1001
1001
1001
1001
1001
1001
1001
1001
1001
1001
1001
1001
1001
1001
1001
1001
1001
1001
1001
1001
1001
1001
1001
1011
1011
1011
1011
1011
1011
1011
1011
1011
1011
1011
1011
1011
1011
1011
1011
1011
1011
1011
1011
1011
1011
1011
1011
1011
1011
1011
1011
1011
1011
1011
1011
1011
1011
1011
1011
1011
1011
1011
1011
1011
1011
1011
1011
1011
1011
1011
1011
1011
1011
1011
1011
1011
1011
1011
1011
1011
1011
1011
1011
1011
1011
1011
1011
1011
1011
1011
1011
1011
1011
1011
1011
1011
1011
1011
1011
1011
1011
1011
1011
1011
1011
1011
1011
1011
1011
1011
1011
1011
1011
1011
1011
1011
1011
1011
1011
1011
1011
1011
1011
1011
1011
1011
1011
1011
1011
1011
1011
1011
1011
1011
1011
1011
1011
1011
1011
1011
1011
1011
1011
1011
1011
1011
1011
1011
1011
1011
1011
1011
1011
1011
1011
1011
1011
1011
1011
1011
1011
1011
1011
1011
1011
1011
1011
1011
1011
1011
1011
1011
1011
1011
1011
1011
1011
1011
1011
1011
1011
1011
1011
1011
1011
1011
1011
1011
1011
1011
1011
1011
1011
1011
1011
1011
1011
1011
1011
1011
1011
1011
1011
1011
1011
1011
1011
1011
1011
1011
1011
1011
1011
1011
1011
1011
1011
1011
1011
1011
1011
1011
1011
1011
1011
1011
1011
1011
1011
1011
1011
1011
1011
1011
1011
1011
1011
1011
1011
1011
1011
1011
1011
1011
1011
1011
0101
0101
0101
0101
0101
0101
0101
0101
0101
0101
0101
0101
0101
0101
0101
0101
0101
0101
0101
0101
0101
0101
0101
0101
0101
0101
0101
0101
0101
0101
0101
0101
0101
0101
0101
0101
0101
0101
0101
0101
0101
0101
0101
0101
0101
0101
0101
0101
0101
0101
0101
0101
0101
0101
0101
0101
0101
0101
0101
0101
0101
0101
0101
0101
0101
0101
0101
0101
0101
0101
0101
0101
0101
0101
0101
0101
0101
0101
0101
0101
0101
0101
0101
0101
0101
0101
0101
0101
0101
0101
0101
0101
0101
0101
0101
0101
0101
0101
0101
0101
0101
0101
0101
0101
0101
0101
0101
0101
0101
0101
0101
0101
0101
0101
0101
0101
0101
0101
0101
0101
0101
0101
0101
0101
0101
0101
0101
0101
0101
0101
0101
0101
0101
0101
0101
0101
0101
0101
0101
0101
0101
0101
0101
0101
0101
0101
0101
0101
0101
0101
0101
0101
0101
0101
0101
0101
0101
0101
0101
0101
0101
0101
0101
0101
0101
0101
0101
0101
0101
0101
0101
0101
0101
0101
0101
0101
0101
0101
0101
0101
0101
0101
0101
0101
0101
0101
0101
0101
0101
0101
0101
1101
1101
1101
1101
1101
1101
1101
1101
1101
1101
1101
1101
1101
1101
1101
1101
1101
1101
1101
1101
1101
1101
1101
1101
1101
1101
1101
1101
1101
1101
1101
1101
1101
1101
1101
1101
1101
1101
1101
1101
1101
1101
1101
1101
1101
1101
1101
1101
1101
1101
1101
1101
1101
1101
1101
1101
1101
1101
1101
1101
1101
1101
1101
1101
1101
1101
1101
1101
1101
1101
1101
1101
1101
1101
1101
1101
1101
1101
1101
1101
1101
1101
1101
1101
1101
1101
1101
1101
1101
1101
1101
1101
1101
1101
1101
1101
1101
1101
1101
1101
1101
1101
1101
1101
1101
1101
1101
1101
1101
1101
1101
1101
1101
1101
1101
1101
1101
1101
1101
1101
1101
1101
1101
1101
1101
1101
1101
1101
1101
1101
1101
1101
1101
1101
1101
1101
1101
1101
1101
1101
1101
1101
1101
1101
1101
1101
1101
1101
1101
1101
1101
1101
1101
1101
1101
1101
1101
1101
1101
1101
1101
1101
1101
1101
1101
1101
1101
1101
1101
1101
1101
1101
1101
1101
1101
1101
1101
1101
1101
1101
1101
1101
1101
1101
1101
1101
1101
11110
11110
11110
11110
11110
11110
11110
11110
11110
11110
11110
11110
11110
11110
11110
11110
11110
11110
11110
11110
11110
11110
11110
11110
11110
11110
11110
11110
11110
11110
11110
11110
11110
11110
11110
11110
11110
11110
11110
11110
11110
11110
11110
11110
11110
11110
11110
11110
11110
11110
11110
11110
11110
11110
11110
11110
11110
11110
11110
11110
11110
11110
11110
11110
11110
11110
11110
11110
11110
11110
11110
11110
11110
11110
11110
11110
11110
11110
11110
11110
11110
11110
11110
11110
11110
11110
11110
11110
11110
11110
11110
11110
11110
11110
11110
11110
11110
11110
11110
11110
11110
11110
11110
11110
11110
11110
11110
11110
11110
11110
11110
11110
11110
11110
11110
11110
11110
11110
11110
11110
11110
11110
11110
11110
11110
11110
11110
11110
11110
11110
11110
11110
11110
11110
11110
11110
11110
11110
11110
11110
11110
11110
11110
11110
11110
11110
11110
11110
11110
11110
11110
11110
11110
11110
10110
10110
10110
10110
10110
10110
10110
10110
10110
10110
10110
10110
10110
10110
10110
10110
10110
10110
10110
10110
10110
10110
10110
10110
10110
10110
10110
10110
10110
10110
10110
10110
10110
10110
10110
10110
10110
10110
10110
10110
10110
10110
10110
10110
10110
10110
10110
10110
10110
10110
10110
10110
10110
10110
10110
10110
10110
10110
10110
10110
10110
10110
10110
10110
10110
10110
10110
10110
10110
10110
10110
10110
10110
10110
10110
10110
10110
10110
10110
10110
10110
10110
10110
10110
10110
10110
10110
10110
10110
10110
10110
10110
10110
10110
10110
10110
10110
10110
10110
10110
10110
10110
10110
10110
10110
10110
10110
10110
10110
10110
10110
10110
10110
10110
10110
10110
10110
10110
10110
10110
10110
10110
10110
10110
10110
10110
10110
10110
10110
10110
10110
10110
10110
10110
10110
10110
10110
10110
10110
10110
10110
10110
10110
10110
10110
10110
10110
10110
10110
10110
10110
01110
01110
01110
01110
01110
01110
01110
01110
01110
01110
01110
01110
01110
01110
01110
01110
01110
01110
01110
01110
01110
01110
01110
01110
01110
01110
01110
01110
01110
01110
01110
01110
01110
01110
01110
01110
01110
01110
01110
01110
01110
01110
01110
01110
01110
01110
01110
01110
01110
01110
01110
01110
01110
01110
01110
01110
01110
01110
01110
01110
01110
01110
01110
01110
01110
01110
01110
01110
01110
01110
01110
01110
01110
01110
01110
01110
01110
01110
01110
01110
01110
01110
01110
01110
01110
01110
01110
01110
01110
01110
01110
01110
01110
01110
01110
01110
01110
01110
01110
01110
01110
01110
01110
01110
01110
01110
01110
01110
01110
01110
01110
01110
01110
01110
01110
01110
01110
01110
01110
01110
01110
01110
01110
01110
01110
01110
01110
01110
01110
01110
01110
01110
01110
01110
01110
01110
01110
01110
01110
01110
01110
01110
01110
01110
01110
01110
01110
01110
110001
110001
110001
110001
110001
110001
110001
110001
110001
110001
110001
110001
110001
110001
110001
110001
110001
110001
110001
110001
110001
110001
110001
110001
110001
110001
110001
110001
110001
110001
110001
110001
110001
110001
110001
110001
110001
110001
110001
110001
110001
110001
110001
110001
110001
110001
110001
110001
110001
110001
110001
110001
110001
110001
110001
110001
110001
110001
110001
110001
110001
110001
110001
110001
110001
110001
110001
110001
110001
110001
110001
110001
110001
110001
110001
110001
110001
110001
110001
110001
110001
110001
110001
110001
110001
110001
110001
110001
110001
110001
110001
110001
110001
110001
110001
110001
110001
110001
110001
110001
110001
110001
110001
110001
110001
110001
110001
110001
110001
110001
110001
110001
110001
110001
110001
110001
110001
110001
110001
110001
110001
110001
110001
110001
110001
110001
110001
110001
110001
110001
110001
110001
110001
110001
110001
110001
110001
110001
110001
110001
110001
110001
110001
110001
110001
110001
110001
110001
110001
110001
110001
110001
110001
110001
110001
110001
110001
110001
110001
110001
110001
110001
110001
110001
110001
110001
110001
110001
110001
110001
110001
110001
110001
110001
110001
110001
110001
110001
110001
110001
110001
110001
110001
110001
110001
110001
110001
110001
110001
110001
110001
110001
110001
110001
110001
110001
110001
110001
110001
110001
110001
110001
110001
110001
110001
110001
110001
110001
110001
110001
110001
110001
110001
110001
110001
110001
110001
110001
110001
110001
110001
110001
110001
110001
110001
110001
110001
110001
110001
110001
110001
110001
110001
110001
110001
110001
110001
110001
110001
110001
110001
110001
110001
110001
110001
110001
110001
110001
110001
110001
110001
110001
110001
110001
110001
110001
110001
110001
110001
110001
110001
110001
110001
110001
110001
110001
110001
110001
110001
110001
110001
110001
110001
110001
110001
110001
110001
110001
110001
110001
110001
110001
110001
110001
11010
11010
11010
11010
11010
11010
11010
11010
11010
11010
11010
11010
11010
11010
11010
11010
11010
11010
11010
11010
11010
11010
11010
11010
11010
11010
11010
11010
11010
11010
11010
11010
11010
11010
11010
11010
11010
11010
11010
11010
11010
11010
11010
11010
11010
11010
11010
11010
11010
11010
11010
11010
11010
11010
11010
11010
11010
11010
11010
11010
11010
11010
11010
11010
11010
11010
11010
11010
11010
11010
11010
11010
11010
11010
11010
11010
11010
11010
11010
11010
11010
11010
11010
11010
11010
11010
11010
11010
11010
11010
11010
11010
11010
11010
11010
11010
11010
11010
11010
11010
11010
11010
11010
11010
11010
11010
11010
11010
11010
11010
11010
11010
11010
11010
11010
11010
11010
11010
11010
11010
11010
11010
11010
11010
11010
11010
11010
11010
11111
11111
11111
11111
11111
11111
11111
11111
11111
11111
11111
11111
11111
11111
11111
11111
11111
11111
11111
11111
11111
11111
11111
11111
11111
11111
11111
11111
11111
11111
11111
11111
11111
11111
11111
11111
11111
11111
11111
11111
11111
11111
11111
11111
11111
11111
11111
11111
11111
11111
11111
11111
11111
11111
11111
11111
11111
11111
11111
11111
11111
11111
11111
11111
11111
11111
11111
11111
11111
11111
11111
11111
11111
11111
11111
11111
11111
11111
11111
11111
11111
11111
11111
11111
11111
11111
11111
11111
11111
11111
11111
11111
11111
11111
11111
11111
11111
11111
11111
11111
11111
11111
11111
11111
11111
11111
11111
11111
11111
11111
11111
11111
11111
11111
11111
11111
11111
11111
11111
11111
11111
11111
11111
11111
11111
11111
11111
11111
11111
11111
11111
11111
11111
11111
11111
11100
11100
11100
11100
11100
11100
11100
11100
11100
11100
11100
11100
11100
11100
11100
11100
11100
11100
11100
11100
11100
11100
11100
11100
11100
11100
11100
11100
11100
11100
11100
11100
11100
11100
11100
11100
11100
11100
11100
11100
11100
11100
11100
11100
11100
11100
11100
11100
11100
11100
11100
11100
11100
11100
11100
11100
11100
11100
11100
11100
11100
11100
11100
11100
11100
11100
11100
11100
11100
11100
11100
11100
11100
11100
11100
11100
11100
11100
11100
11100
11100
11100
11100
11100
11100
11100
11100
11100
11100
11100
11100
11100
11100
11100
11100
11100
11100
11100
11100
11100
11100
11100
11100
11100
11100
11100
11100
11100
11100
11100
11100
11100
11100
11100
11100
11100
11100
11100
11100
11100
11100
11100
11100
11100
11100
11100
11100
11100
11100
11100
11100
11100
11100
01111
01111
01111
01111
01111
01111
01111
01111
01111
01111
01111
01111
01111
01111
01111
01111
01111
01111
01111
01111
01111
01111
01111
01111
01111
01111
01111
01111
01111
01111
01111
01111
01111
01111
01111
01111
01111
01111
01111
01111
01111
01111
01111
01111
01111
01111
01111
01111
01111
01111
01111
01111
01111
01111
01111
01111
01111
01111
01111
01111
01111
01111
01111
01111
01111
01111
01111
01111
01111
01111
01111
01111
01111
01111
01111
01111
01111
01111
01111
01111
01111
01111
01111
01111
01111
01111
01111
01111
01111
01111
01111
01111
01111
01111
01111
01111
01111
01111
01111
01111
01111
01111
01111
01111
01111
01111
01111
01111
01111
01111
01111
01111
01111
01111
01111
01111
01111
01111
01111
01111
01111
01111
01111
01100
01100
01100
01100
01100
01100
01100
01100
01100
01100
01100
01100
01100
01100
01100
01100
01100
01100
01100
01100
01100
01100
01100
01100
01100
01100
01100
01100
01100
01100
01100
01100
01100
01100
01100
01100
01100
01100
01100
01100
01100
01100
01100
01100
01100
01100
01100
01100
01100
01100
01100
01100
01100
01100
01100
01100
01100
01100
01100
01100
01100
01100
01100
01100
01100
01100
01100
01100
01100
01100
01100
01100
01100
01100
01100
01100
01100
01100
01100
01100
01100
01100
01100
01100
01100
01100
01100
01100
01100
01100
01100
01100
01100
01100
01100
01100
01100
01100
01100
01100
01100
01100
01100
01100
01100
01100
01100
01100
01100
01100
01100
01100
01100
01100
10100
10100
10100
10100
10100
10100
10100
10100
10100
10100
10100
10100
10100
10100
10100
10100
10100
10100
10100
10100
10100
10100
10100
10100
10100
10100
10100
10100
10100
10100
10100
10100
10100
10100
10100
10100
10100
10100
10100
10100
10100
10100
10100
10100
10100
10100
10100
10100
10100
10100
10100
10100
10100
10100
10100
10100
10100
10100
10100
10100
10100
10100
10100
10100
10100
10100
10100
10100
10100
10100
10100
10100
10100
10100
10100
10100
10100
10100
10100
10100
10100
10100
10100
10100
10100
10100
10100
10100
10100
10100
10100
10100
10100
10100
10100
10100
10100
10100
10100
10100
10100
10100
10100
10100
10100
10100
10100
10100
10100
10100
10100
10010
10010
10010
10010
10010
10010
10010
10010
10010
10010
10010
10010
10010
10010
10010
10010
10010
10010
10010
10010
10010
10010
10010
10010
10010
10010
10010
10010
10010
10010
10010
10010
10010
10010
10010
10010
10010
10010
10010
10010
10010
10010
10010
10010
10010
10010
10010
10010
10010
10010
10010
10010
10010
10010
10010
10010
10010
10010
10010
10010
10010
10010
10010
10010
10010
10010
10010
10010
10010
10010
10010
10010
10010
10010
10010
10010
10010
10010
10010
10010
10010
10010
10010
10010
10010
10010
10010
10010
10010
10010
10010
10010
10010
10010
10010
10010
10010
10010
10010
10010
10010
10010
10010
10010
10010
10010
10010
10010
10010
10010
10010
01101
01101
01101
01101
01101
01101
01101
01101
01101
01101
01101
01101
01101
01101
01101
01101
01101
01101
01101
01101
01101
01101
01101
01101
01101
01101
01101
01101
01101
01101
01101
01101
01101
01101
01101
01101
01101
01101
01101
01101
01101
01101
01101
01101
01101
01101
01101
01101
01101
01101
01101
01101
01101
01101
01101
01101
01101
01101
01101
01101
01101
01101
01101
01101
01101
01101
01101
01101
01101
01101
01101
01101
01101
01101
01101
01101
01101
01101
01101
01101
01101
01101
01101
01101
01101
01101
01101
01101
01101
01101
01101
01101
01101
01101
01101
01101
01101
01010
01010
01010
01010
01010
01010
01010
01010
01010
01010
01010
01010
01010
01010
01010
01010
01010
01010
01010
01010
01010
01010
01010
01010
01010
01010
01010
01010
01010
01010
01010
01010
01010
01010
01010
01010
01010
01010
01010
01010
01010
01010
01010
01010
01010
01010
01010
01010
01010
01010
01010
01010
01010
01010
01010
01010
01010
01010
01010
01010
01010
01010
01010
01010
01010
01010
01010
01010
01010
01010
01010
01010
01010
01010
01010
01010
01010
01010
01010
01010
01010
01010
01010
01010
01010
01010
01010
01010
01010
01010
01010
01010
01010
01010
01010
01010
01010
01010
11101
11101
11101
11101
11101
11101
11101
11101
11101
11101
11101
11101
11101
11101
11101
11101
11101
11101
11101
11101
11101
11101
11101
11101
11101
11101
11101
11101
11101
11101
11101
11101
11101
11101
11101
11101
11101
11101
11101
11101
11101
11101
11101
11101
11101
11101
11101
11101
11101
11101
11101
11101
11101
11101
11101
11101
11101
11101
11101
11101
11101
11101
11101
11101
11101
11101
11101
11101
11101
11101
11101
11101
11101
11101
11101
11101
11101
11101
11101
11101
11101
11101
11101
11101
11101
11101
11101
11101
11101
11101
11101
11101
11101
11101
11101
11101
10011
10011
10011
10011
10011
10011
10011
10011
10011
10011
10011
10011
10011
10011
10011
10011
10011
10011
10011
10011
10011
10011
10011
10011
10011
10011
10011
10011
10011
10011
10011
10011
10011
10011
10011
10011
10011
10011
10011
10011
10011
10011
10011
10011
10011
10011
10011
10011
10011
10011
10011
10011
10011
10011
10011
10011
10011
10011
10011
10011
10011
10011
10011
10011
10011
10011
10011
10011
10011
10011
10011
10011
10011
10011
10011
10011
10011
10011
10011
10011
10011
10011
10011
10011
10011
10011
10011
10011
10011
10011
10011
10011
10111
10111
10111
10111
10111
10111
10111
10111
10111
10111
10111
10111
10111
10111
10111
10111
10111
10111
10111
10111
10111
10111
10111
10111
10111
10111
10111
10111
10111
10111
10111
10111
10111
10111
10111
10111
10111
10111
10111
10111
10111
10111
10111
10111
10111
10111
10111
10111
10111
10111
10111
10111
10111
10111
10111
10111
10111
10111
10111
10111
10111
10111
10111
10111
10111
10111
10111
10111
10111
10111
10111
10111
10111
10111
10111
10111
10111
10111
10111
10111
10111
10111
10111
10111
10111
10111
10111
10111
10111
10111
10111
11011
11011
11011
11011
11011
11011
11011
11011
11011
11011
11011
11011
11011
11011
11011
11011
11011
11011
11011
11011
11011
11011
11011
11011
11011
11011
11011
11011
11011
11011
11011
11011
11011
11011
11011
11011
11011
11011
11011
11011
11011
11011
11011
11011
11011
11011
11011
11011
11011
11011
11011
11011
11011
11011
11011
11011
11011
11011
11011
11011
11011
11011
11011
11011
11011
11011
11011
11011
11011
11011
11011
11011
11011
11011
11011
11011
11011
11011
11011
11011
11011
11011
11011
11011
11011
11011
11011
11011
11011
11011
11011
11011
11011
11001
11001
11001
11001
11001
11001
11001
11001
11001
11001
11001
11001
11001
11001
11001
11001
11001
11001
11001
11001
11001
11001
11001
11001
11001
11001
11001
11001
11001
11001
11001
11001
11001
11001
11001
11001
11001
11001
11001
11001
11001
11001
11001
11001
11001
11001
11001
11001
11001
11001
11001
11001
11001
11001
11001
11001
11001
11001
11001
11001
11001
11001
11001
11001
11001
11001
11001
11001
11001
11001
11001
11001
11001
11001
11001
11001
11001
11001
11001
11001
11001
11001
11001
11001
10101
10101
10101
10101
10101
10101
10101
10101
10101
10101
10101
10101
10101
10101
10101
10101
10101
10101
10101
10101
10101
10101
10101
10101
10101
10101
10101
10101
10101
10101
10101
10101
10101
10101
10101
10101
10101
10101
10101
10101
10101
10101
10101
10101
10101
10101
10101
10101
10101
10101
10101
10101
10101
10101
10101
10101
10101
10101
10101
10101
10101
10101
10101
10101
10101
10101
10101
10101
10101
10101
10101
10101
10101
10101
10101
10101
10101
10101
10101
10101
10101
10101
10101
01011
01011
01011
01011
01011
01011
01011
01011
01011
01011
01011
01011
01011
01011
01011
01011
01011
01011
01011
01011
01011
01011
01011
01011
01011
01011
01011
01011
01011
01011
01011
01011
01011
01011
01011
01011
01011
01011
01011
01011
01011
01011
01011
01011
01011
01011
01011
01011
01011
01011
01011
01011
01011
01011
01011
01011
01011
01011
01011
01011
01011
01011
01011
01011
01011
01011
01011
01011
01011
01011
01011
01011
01011
01011
01011
111100
111100
111100
111100
111100
111100
111100
111100
111100
111100
111100
111100
111100
111100
111100
111100
111100
111100
111100
111100
111100
111100
111100
111100
111100
111100
111100
111100
111100
111100
111100
111100
111100
111100
111100
111100
111100
111100
111100
111100
111100
111100
111100
111100
111100
111100
111100
111100
111100
111100
111100
111100
111100
111100
111100
111100
111100
111100
111100
111100
111100
111100
111100
111100
111100
111100
111100
111100
111100
111100
111100
111100
111100
111100
111100
111010
111010
111010
111010
111010
111010
111010
111010
111010
111010
111010
111010
111010
111010
111010
111010
111010
111010
111010
111010
111010
111010
111010
111010
111010
111010
111010
111010
111010
111010
111010
111010
111010
111010
111010
111010
111010
111010
111010
111010
111010
111010
111010
111010
111010
111010
111010
111010
111010
111010
111010
111010
111010
111010
111010
111010
111010
111010
111010
111010
111010
111010
111010
111010
111010
111010
111010
111010
111010
111010
111010
111010
101110
101110
101110
101110
101110
101110
101110
101110
101110
101110
101110
101110
101110
101110
101110
101110
101110
101110
101110
101110
101110
101110
101110
101110
101110
101110
101110
101110
101110
101110
101110
101110
101110
101110
101110
101110
101110
101110
101110
101110
101110
101110
101110
101110
101110
101110
101110
101110
101110
101110
101110
101110
101110
101110
101110
101110
101110
101110
101110
101110
101110
011110
011110
011110
011110
011110
011110
011110
011110
011110
011110
011110
011110
011110
011110
011110
011110
011110
011110
011110
011110
011110
011110
011110
011110
011110
011110
011110
011110
011110
011110
011110
011110
011110
011110
011110
011110
011110
011110
011110
011110
011110
011110
011110
011110
011110
011110
011110
011110
011110
011110
011110
011110
011110
011110
011110
111110
111110
111110
111110
111110
111110
111110
111110
111110
111110
111110
111110
111110
111110
111110
111110
111110
111110
111110
111110
111110
111110
111110
111110
111110
111110
111110
111110
111110
111110
111110
111110
111110
111110
111110
111110
111110
111110
111110
111110
111110
111110
111110
111110
111110
111110
111110
111110
111110
111110
111110
111110
111101
111101
111101
111101
111101
111101
111101
111101
111101
111101
111101
111101
111101
111101
111101
111101
111101
111101
111101
111101
111101
111101
111101
111101
111101
111101
111101
111101
111101
111101
111101
111101
111101
111101
111101
111101
111101
111101
111101
111101
111101
111101
111101
111101
111101
111101
111101
111101
111101
111101
111101
111101
111101
011100
011100
011100
011100
011100
011100
011100
011100
011100
011100
011100
011100
011100
011100
011100
011100
011100
011100
011100
011100
011100
011100
011100
011100
011100
011100
011100
011100
011100
011100
011100
011100
011100
011100
011100
011100
011100
011100
011100
011100
011100
011100
011100
011100
011100
011100
011100
011100
011100
011100
011100
011100
111111
111111
111111
111111
111111
111111
111111
111111
111111
111111
111111
111111
111111
111111
111111
111111
111111
111111
111111
111111
111111
111111
111111
111111
111111
111111
111111
111111
111111
111111
111111
111111
111111
111111
111111
111111
111111
111111
111111
111111
111111
111111
111111
111111
111111
111111
111111
111111
111111
111111
111111
111111
111111
111111
110010
110010
110010
110010
110010
110010
110010
110010
110010
110010
110010
110010
110010
110010
110010
110010
110010
110010
110010
110010
110010
110010
110010
110010
110010
110010
110010
110010
110010
110010
110010
110010
110010
110010
110010
110010
110010
110010
110010
110010
110010
110010
110010
110010
110010
110010
110010
110010
110010
110010
110111
110111
110111
110111
110111
110111
110111
110111
110111
110111
110111
110111
110111
110111
110111
110111
110111
110111
110111
110111
110111
110111
110111
110111
110111
110111
110111
110111
110111
110111
110111
110111
110111
110111
110111
110111
110111
110111
110111
110111
110111
110111
110111
110111
110111
110111
110111
110111
110111
110111
110111
110111
010110
010110
010110
010110
010110
010110
010110
010110
010110
010110
010110
010110
010110
010110
010110
010110
010110
010110
010110
010110
010110
010110
010110
010110
010110
010110
010110
010110
010110
010110
010110
010110
010110
010110
010110
010110
010110
010110
010110
010110
010110
010110
010110
010110
010110
010110
010110
010110
010110
010110
010110
010110
010110
011111
011111
011111
011111
011111
011111
011111
011111
011111
011111
011111
011111
011111
011111
011111
011111
011111
011111
011111
011111
011111
011111
011111
011111
011111
011111
011111
011111
011111
011111
011111
011111
011111
011111
011111
011111
011111
011111
011111
011111
011111
011111
011111
011111
011111
011111
011111
011111
011111
011111
011010
011010
011010
011010
011010
011010
011010
011010
011010
011010
011010
011010
011010
011010
011010
011010
011010
011010
011010
011010
011010
011010
011010
011010
011010
011010
011010
011010
011010
011010
011010
011010
011010
011010
011010
011010
011010
011010
011010
011010
011010
011010
011010
011010
011010
011010
100110
100110
100110
100110
100110
100110
100110
100110
100110
100110
100110
100110
100110
100110
100110
100110
100110
100110
100110
100110
100110
100110
100110
100110
100110
100110
100110
100110
100110
100110
100110
100110
100110
100110
100110
100110
100110
100110
100110
100110
100110
100110
100110
100110
100110
111011
111011
111011
111011
111011
111011
111011
111011
111011
111011
111011
111011
111011
111011
111011
111011
111011
111011
111011
111011
111011
111011
111011
111011
111011
111011
111011
111011
111011
111011
111011
111011
111011
111011
111011
111011
111011
111011
111011
111011
111011
111011
111011
111011
111011
111011
110110
110110
110110
110110
110110
110110
110110
110110
110110
110110
110110
110110
110110
110110
110110
110110
110110
110110
110110
110110
110110
110110
110110
110110
110110
110110
110110
110110
110110
110110
110110
110110
110110
110110
110110
110110
110110
110110
110110
110110
110110
110110
110110
110110
101100
101100
101100
101100
101100
101100
101100
101100
101100
101100
101100
101100
101100
101100
101100
101100
101100
101100
101100
101100
101100
101100
101100
101100
101100
101100
101100
101100
101100
101100
101100
101100
101100
101100
101100
101100
101100
101100
101100
101100
101100
101100
101100
101100
100111
100111
100111
100111
100111
100111
100111
100111
100111
100111
100111
100111
100111
100111
100111
100111
100111
100111
100111
100111
100111
100111
100111
100111
100111
100111
100111
100111
100111
100111
100111
100111
100111
100111
100111
100111
100111
100111
100111
100111
100111
110100
110100
110100
110100
110100
110100
110100
110100
110100
110100
110100
110100
110100
110100
110100
110100
110100
110100
110100
110100
110100
110100
110100
110100
110100
110100
110100
110100
110100
110100
110100
110100
110100
110100
110100
110100
110100
110100
110100
110100
110100
110100
101010
101010
101010
101010
101010
101010
101010
101010
101010
101010
101010
101010
101010
101010
101010
101010
101010
101010
101010
101010
101010
101010
101010
101010
101010
101010
101010
101010
101010
101010
101010
101010
101010
101010
101010
101010
101010
101010
101010
101010
101010
101010
101010
1110001
1110001
1110001
1110001
1110001
1110001
1110001
1110001
1110001
1110001
1110001
1110001
1110001
1110001
1110001
1110001
1110001
1110001
1110001
1110001
1110001
1110001
1110001
1110001
1110001
1110001
1110001
1110001
1110001
1110001
1110001
1110001
1110001
1110001
1110001
1110001
1110001
1110001
1110001
1110001
1110001
1110001
1110001
1110001
1110001
1110001
1110001
1110001
1110001
1110001
1110001
1110001
1110001
1110001
1110001
1110001
1110001
1110001
1110001
1110001
1110001
1110001
1110001
1110001
1110001
1110001
1110001
1110001
1110001
1110001
1110001
1110001
1110001
1110001
1110001
1110001
1110001
1110001
1110001
1110001
1110001
1110001
1110001
1110001
1110001
1110001
1110001
1110001
1110001
1110001
1110001
1110001
1110001
1110001
1110001
1110001
1110001
1110001
1110001
1110001
1110001
1110001
1110001
1110001
1110001
1110001
1110001
1110001
100101
100101
100101
100101
100101
100101
100101
100101
100101
100101
100101
100101
100101
100101
100101
100101
100101
100101
100101
100101
100101
100101
100101
100101
100101
100101
100101
100101
100101
100101
100101
100101
100101
100101
100101
100101
100101
101101
101101
101101
101101
101101
101101
101101
101101
101101
101101
101101
101101
101101
101101
101101
101101
101101
101101
101101
101101
101101
101101
101101
101101
101101
101101
101101
101101
101101
101101
101101
101101
101101
101101
101101
1010001
1010001
1010001
1010001
1010001
1010001
1010001
1010001
1010001
1010001
1010001
1010001
1010001
1010001
1010001
1010001
1010001
1010001
1010001
1010001
1010001
1010001
1010001
1010001
1010001
1010001
1010001
1010001
1010001
1010001
1010001
1010001
1010001
1010001
1010001
1010001
1010001
1010001
1010001
1010001
1010001
1010001
1010001
1010001
1010001
1010001
1010001
1010001
1010001
1010001
1010001
1010001
1010001
1010001
1010001
1010001
1010001
1010001
1010001
1010001
1010001
1010001
1010001
1010001
1010001
1010001
1010001
1010001
1010001
1010001
1010001
1010001
1010001
1010001
1010001
1010001
1010001
101111
101111
101111
101111
101111
101111
101111
101111
101111
101111
101111
101111
101111
101111
101111
101111
101111
101111
101111
101111
101111
101111
101111
101111
101111
101111
101111
101111
101111
101111
101111
101111
101111
101111
101111
111001
111001
111001
111001
111001
111001
111001
111001
111001
111001
111001
111001
111001
111001
111001
111001
111001
111001
111001
111001
111001
111001
111001
111001
111001
111001
111001
111001
111001
111001
111001
011101
011101
011101
011101
011101
011101
011101
011101
011101
011101
011101
011101
011101
011101
011101
011101
011101
011101
011101
011101
011101
011101
011101
011101
011101
011101
011101
011101
011101
011101
011011
011011
011011
011011
011011
011011
011011
011011
011011
011011
011011
011011
011011
011011
011011
011011
011011
011011
011011
011011
011011
011011
011011
011011
011011
011011
011011
011011
011011
011011
1011110
1011110
1011110
1011110
1011110
1011110
1011110
1011110
1011110
1011110
1011110
1011110
1011110
1011110
1011110
1011110
1011110
1011110
1011110
1011110
1011110
1011110
1011110
1011110
1011110
1011110
1011110
1011110
1011110
010111
010111
010111
010111
010111
010111
010111
010111
010111
010111
010111
010111
010111
010111
010111
010111
010111
010111
010111
010111
010111
010111
010111
010111
010111
010111
010111
010111
010111
110101
110101
110101
110101
110101
110101
110101
110101
110101
110101
110101
110101
110101
110101
110101
110101
110101
110101
110101
110101
110101
110101
110101
110101
110101
110101
110101
0110001
0110001
0110001
0110001
0110001
0110001
0110001
0110001
0110001
0110001
0110001
0110001
0110001
0110001
0110001
0110001
0110001
0110001
0110001
0110001
0110001
0110001
0110001
0110001
0110001
0110001
0110001
0110001
0110001
0110001
0110001
0110001
0110001
0110001
0110001
0110001
0110001
0110001
0110001
0110001
0110001
0110001
0110001
0110001
0110001
0110001
0110001
0110001
0110001
0110001
0110001
0110001
0110001
0110001
0110001
0110001
0110001
0110001
0110001
0110001
0110001
0110001
0110001
0110001
0110001
0110001
0110001
0110001
0110001
0110001
0110001
0110001
0110001
0110001
0110001
0110001
0110001
1111110
1111110
1111110
1111110
1111110
1111110
1111110
1111110
1111110
1111110
1111110
1111110
1111110
1111110
1111110
1111110
1111110
1111110
1111110
1111110
1111110
1111110
1111110
1111110
1111110
101001
101001
101001
101001
101001
101001
101001
101001
101001
101001
101001
101001
101001
101001
101001
101001
101001
101001
101001
101001
101001
101001
101001
101001
101001
1110010
1110010
1110010
1110010
1110010
1110010
1110010
1110010
1110010
1110010
1110010
1110010
1110010
1110010
1110010
1110010
1110010
1110010
1110010
1110010
1110010
1110010
1110010
1110010
1111100
1111100
1111100
1111100
1111100
1111100
1111100
1111100
1111100
1111100
1111100
1111100
1111100
1111100
1111100
1111100
1111100
1111100
1111100
1111100
1111100
1111100
1111100
1111100
0111110
0111110
0111110
0111110
0111110
0111110
0111110
0111110
0111110
0111110
0111110
0111110
0111110
0111110
0111110
0111110
0111110
0111110
0111110
0111110
0111110
0111110
0111110
0111110
0111110
110011
110011
110011
110011
110011
110011
110011
110011
110011
110011
110011
110011
110011
110011
110011
110011
110011
110011
110011
110011
110011
110011
110011
110011
1111111
1111111
1111111
1111111
1111111
1111111
1111111
1111111
1111111
1111111
1111111
1111111
1111111
1111111
1111111
1111111
1111111
1111111
1111111
1111111
1111111
1111111
1111111
1111111
1111111
101011
101011
101011
101011
101011
101011
101011
101011
101011
101011
101011
101011
101011
101011
101011
101011
101011
101011
101011
101011
101011
101011
101011
101011
101011
010101
010101
010101
010101
010101
010101
010101
010101
010101
010101
010101
010101
010101
010101
010101
010101
010101
010101
010101
010101
010101
010101
010101
0101001
0101001
0101001
0101001
0101001
0101001
0101001
0101001
0101001
0101001
0101001
0101001
0101001
0101001
0101001
0101001
0101001
0101001
0101001
0101001
0101001
0101001
0101001
0101001
0101001
0101001
0101001
0101001
0101001
0101001
0101001
0101001
0101001
0101001
0101001
0101001
0101001
0101001
0101001
0101001
0101001
0101001
0101001
0101001
0101001
0101001
0101001
0101001
0101001
0101001
0101001
0101001
0101001
0101001
0101001
0101001
0101001
0101001
0101001
0101001
0101001
0101001
0101001
0101001
0101001
0101001
0101001
0101001
0101001
0101001
0101001
0101001
0101001
0101001
0101001
0101001
0101001
0101001
0101001
0101001
1101100
1101100
1101100
1101100
1101100
1101100
1101100
1101100
1101100
1101100
1101100
1101100
1101100
1101100
1101100
1101100
1101100
1101100
1101100
1101100
1101110
1101110
1101110
1101110
1101110
1101110
1101110
1101110
1101110
1101110
1101110
1101110
1101110
1101110
1101110
1101110
1101110
1101110
1101110
1101110
1110110
1110110
1110110
1110110
1110110
1110110
1110110
1110110
1110110
1110110
1110110
1110110
1110110
1110110
1110110
1110110
1110110
1110110
1110110
1110110
1110110
1110110
0111010
0111010
0111010
0111010
0111010
0111010
0111010
0111010
0111010
0111010
0111010
0111010
0111010
0111010
0111010
0111010
0111010
0111010
0111010
1011111
1011111
1011111
1011111
1011111
1011111
1011111
1011111
1011111
1011111
1011111
1011111
1011111
1011111
1011111
1011111
1011111
1011111
1011111
1011111
1001001
1001001
1001001
1001001
1001001
1001001
1001001
1001001
1001001
1001001
1001001
1001001
1001001
1001001
1001001
1001001
1001001
1001001
1001001
1001001
1001001
1001001
1001001
1001001
1001001
1001001
1001001
1001001
1001001
1001001
1001001
1001001
1001001
1001001
1001001
1001001
1001001
1001001
1001001
1001001
1001001
1001001
1001001
1001001
1001001
1001001
1001001
1001001
1001001
1001001
1001001
1001001
1001001
1001001
1001001
1001001
1001001
1001001
1001001
1001001
1001001
1001001
1001001
1001001
1001001
1001001
1001001
1101111
1101111
1101111
1101111
1101111
1101111
1101111
1101111
1101111
1101111
1101111
1101111
1101111
1101111
1101111
1101111
1101111
1101111
1101111
01110001
01110001
01110001
01110001
01110001
01110001
01110001
01110001
01110001
01110001
01110001
01110001
01110001
01110001
01110001
01110001
01110001
01110001
01110001
01110001
01110001
01110001
01110001
01110001
01110001
01110001
01110001
01110001
01110001
01110001
01110001
01110001
01110001
01110001
01110001
01110001
01110001
01110001
1111101
1111101
1111101
1111101
1111101
1111101
1111101
1111101
1111101
1111101
1111101
1111101
1111101
1111101
1111101
1111101
1111101
1111101
1111101
1111101
1101010
1101010
1101010
1101010
1101010
1101010
1101010
1101010
1101010
1101010
1101010
1101010
1101010
1101010
1101010
1101010
1101010
1101010
1011101
1011101
1011101
1011101
1011101
1011101
1011101
1011101
1011101
1011101
1011101
1011101
1011101
1011101
1011101
1011101
1011101
1010010
1010010
1010010
1010010
1010010
1010010
1010010
1010010
1010010
1010010
1010010
1010010
1010010
1010010
1010010
1010010
1010010
011001
011001
011001
011001
011001
011001
011001
011001
011001
011001
011001
011001
011001
011001
011001
011001
011001
011001
011001
011001
0110010
0110010
0110010
0110010
0110010
0110010
0110010
0110010
0110010
0110010
0110010
0110010
0110010
0110010
0110010
0110010
0110010
0110010
11110001
11110001
11110001
11110001
11110001
11110001
11110001
11110001
11110001
11110001
11110001
11110001
11110001
11110001
11110001
11110001
11110001
11110001
11110001
11110001
11110001
11110001
11110001
11110001
11110001
11110001
11110001
11110001
11110001
11110001
11110001
11110001
11110001
11110001
11110001
11110001
11110001
11110001
11110001
11110001
11110001
11110001
11110001
11110001
11110001
11110001
11110001
1001100
1001100
1001100
1001100
1001100
1001100
1001100
1001100
1001100
1001100
1001100
1001100
1001100
1001100
1001100
1001100
0111100
0111100
0111100
0111100
0111100
0111100
0111100
0111100
0111100
0111100
0111100
0111100
0111100
0111100
0111100
0111100
0111100
1001010
1001010
1001010
1001010
1001010
1001010
1001010
1001010
1001010
1001010
1001010
1001010
1001010
1001010
1001010
1001010
1111001
1111001
1111001
1111001
1111001
1111001
1111001
1111001
1111001
1111001
1111001
1111001
1111001
1111001
1111001
1111001
1110111
1110111
1110111
1110111
1110111
1110111
1110111
1110111
1110111
1110111
1110111
1110111
1110111
1110111
1110111
1110111
1110111
1100110
1100110
1100110
1100110
1100110
1100110
1100110
1100110
1100110
1100110
1100110
1100110
1100110
1100110
1100110
1100110
1100110
1001101
1001101
1001101
1001101
1001101
1001101
1001101
1001101
1001101
1001101
1001101
1001101
1001101
1001101
1001101
1001101
1001101
0101110
0101110
0101110
0101110
0101110
0101110
0101110
0101110
0101110
0101110
0101110
0101110
0101110
0101110
0101110
0101110
0101110
0101110
0101110
1010110
1010110
1010110
1010110
1010110
1010110
1010110
1010110
1010110
1010110
1010110
1010110
1010110
1010110
1010110
1010110
1111011
1111011
1111011
1111011
1111011
1111011
1111011
1111011
1111011
1111011
1111011
1111011
1111011
1111011
1111011
1111011
11001001
11001001
11001001
11001001
11001001
11001001
11001001
11001001
11001001
11001001
11001001
11001001
11001001
11001001
11001001
11001001
11001001
11001001
11001001
11001001
11001001
11001001
11001001
11001001
11001001
11001001
11001001
11001001
11001001
11001001
11001001
11001001
11001001
11001001
11001001
0110110
0110110
0110110
0110110
0110110
0110110
0110110
0110110
0110110
0110110
0110110
0110110
0110110
0110110
0101100
0101100
0101100
0101100
0101100
0101100
0101100
0101100
0101100
0101100
0101100
0101100
0101100
0101100
0101100
1010111
1010111
1010111
1010111
1010111
1010111
1010111
1010111
1010111
1010111
1010111
1010111
1010111
1010111
1010111
1010111
1010111
01111111
01111111
01111111
01111111
01111111
01111111
01111111
01111111
01111111
01111111
01111111
01111111
01111111
01111111
11010001
11010001
11010001
11010001
11010001
11010001
11010001
11010001
11010001
11010001
11010001
11010001
11010001
11010001
11010001
11010001
11010001
11010001
11010001
11010001
11010001
11010001
11010001
11010001
11010001
11010001
11010001
11010001
11010001
11010001
11010001
11010001
11010001
11010001
11010001
11010001
11010001
11010001
11010001
11010001
11010001
11010001
1001011
1001011
1001011
1001011
1001011
1001011
1001011
1001011
1001011
1001011
1001011
1001011
1001011
1001011
1001011
11111111
11111111
11111111
11111111
11111111
11111111
11111111
11111111
11111111
11111111
11111111
11111111
11111111
11111111
1001110
1001110
1001110
1001110
1001110
1001110
1001110
1001110
1001110
1001110
1001110
1001110
1001110
1001110
1111010
1111010
1111010
1111010
1111010
1111010
1111010
1111010
1111010
1111010
1111010
1111010
1111010
0110011
0110011
0110011
0110011
0110011
0110011
0110011
0110011
0110011
0110011
0110011
0110011
0110011
0101010
0101010
0101010
0101010
0101010
0101010
0101010
0101010
0101010
0101010
0101010
0101010
0101010
0101010
0111101
0111101
0111101
0111101
0111101
0111101
0111101
0111101
0111101
0111101
0111101
0111101
1001111
1001111
1001111
1001111
1001111
1001111
1001111
1001111
1001111
1001111
1001111
1001111
1001111
0101011
0101011
0101011
0101011
0101011
0101011
0101011
0101011
0101011
0101011
0101011
0101011
1010011
1010011
1010011
1010011
1010011
1010011
1010011
1010011
1010011
1010011
1010011
1010011
11110111
11110111
11110111
11110111
11110111
11110111
11110111
11110111
11110111
11110111
11110111
11110111
0101111
0101111
0101111
0101111
0101111
0101111
0101111
0101111
0101111
0101111
0101111
0101111
0101111
0111111
0111111
0111111
0111111
0111111
0111111
0111111
0111111
0111111
0111111
0111111
0111111
1100111
1100111
1100111
1100111
1100111
1100111
1100111
1100111
1100111
1100111
1100111
0110111
0110111
0110111
0110111
0110111
0110111
0110111
0110111
0110111
0110111
0110111
0110111
0110111
0110101
0110101
0110101
0110101
0110101
0110101
0110101
0110101
0110101
0110101
0110101
0110101
1011010
1011010
1011010
1011010
1011010
1011010
1011010
1011010
1011010
1011010
101110001
101110001
101110001
101110001
101110001
101110001
101110001
101110001
101110001
101110001
101110001
101110001
101110001
101110001
101110001
101110001
101110001
101110001
101110001
10110001
10110001
10110001
10110001
10110001
10110001
10110001
10110001
10110001
10110001
10110001
10110001
10110001
10110001
10110001
10110001
10110001
10110001
10110001
10110001
10110001
10110001
10110001
10110001
10110001
10110001
10110001
10110001
10110001
10110001
10110001
10110001
1101011
1101011
1101011
1101011
1101011
1101011
1101011
1101011
1101011
1101011
1101011
01110100
01110100
01110100
01110100
01110100
01110100
01110100
01110100
01110100
01110100
01110100
11011110
11011110
11011110
11011110
11011110
11011110
11011110
11011110
11011110
11011110
1110101
1110101
1110101
1110101
1110101
1110101
1110101
1110101
1110101
1110101
1110101
1101101
1101101
1101101
1101101
1101101
1101101
1101101
1101101
1101101
1101101
01011111
01011111
01011111
01011111
01011111
01011111
01011111
01011111
01011111
01011111
1110100
1110100
1110100
1110100
1110100
1110100
1110100
1110100
1110100
1110100
1110100
1011011
1011011
1011011
1011011
1011011
1011011
1011011
1011011
1011011
1011011
1011011
1011011
111111010
111111010
111111010
111111010
111111010
111111010
111111010
111111010
111111010
10010101
10010101
10010101
10010101
10010101
10010101
10010101
10010101
10010101
1011001
1011001
1011001
1011001
1011001
1011001
1011001
1011001
1011001
1011001
0110100
0110100
0110100
0110100
0110100
0110100
0110100
0110100
0110100
0110100
0110100
11111110
11111110
11111110
11111110
11111110
11111110
11111110
11111110
11111110
10101111
10101111
10101111
10101111
10101111
10101111
10101111
10101111
10101111
10101111
10101111
01111110
01111110
01111110
01111110
01111110
01111110
01111110
01111110
01111110
1011100
1011100
1011100
1011100
1011100
1011100
1011100
1011100
1011100
1011100
11101110
11101110
11101110
11101110
11101110
11101110
11101110
11101110
11101110
11111101
11111101
11111101
11111101
11111101
11111101
11111101
11111101
11111101
11111101
1110011
1110011
1110011
1110011
1110011
1110011
1110011
1110011
1110011
1010100
1010100
1010100
1010100
1010100
1010100
1010100
1010100
01010110
01010110
01010110
01010110
01010110
01010110
01010110
01010110
10010110
10010110
10010110
10010110
10010110
10010110
10010110
10010110
10010110
1100101
1100101
1100101
1100101
1100101
1100101
1100101
1100101
1100101
01101111
01101111
01101111
01101111
01101111
01101111
01101111
01101111
10100101
10100101
10100101
10100101
10100101
10100101
10100101
10100101
10100101
10100101
01101010
01101010
01101010
01101010
01101010
01101010
01101010
01101010
10101110
10101110
10101110
10101110
10101110
10101110
10101110
10101110
10101110
01101110
01101110
01101110
01101110
01101110
01101110
01101110
01101110
0101101
0101101
0101101
0101101
0101101
0101101
0101101
10111100
10111100
10111100
10111100
10111100
10111100
10111100
10111100
1101001
1101001
1101001
1101001
1101001
1101001
1101001
01011110
01011110
01011110
01011110
01011110
01011110
01011110
01111011
01111011
01111011
01111011
01111011
01111011
01111011
10101011
10101011
10101011
10101011
10101011
10101011
10101011
10101011
11101100
11101100
11101100
11101100
11101100
11101100
11101100
0111011
0111011
0111011
0111011
0111011
0111011
0111011
10110100
10110100
10110100
10110100
10110100
10110100
10110100
11101010
11101010
11101010
11101010
11101010
11101010
11101010
11110011
11110011
11110011
11110011
11110011
11110011
10011001
10011001
10011001
10011001
10011001
10011001
01011010
01011010
01011010
01011010
01011010
01011010
01011010
01101101
01101101
01101101
01101101
01101101
01101101
01101101
111011111
111011111
111011111
111011111
111011111
111011111
01100101
01100101
01100101
01100101
01100101
01100101
11110101
11110101
11110101
11110101
11110101
11110101
11101101
11101101
11101101
11101101
11101101
11101101
01011100
01011100
01011100
01011100
01011100
01011100
11011011
11011011
11011011
11011011
11011011
11011011
11010100
11010100
11010100
11010100
11010100
11010100
11010100
110101110
110101110
110101110
110101110
110101110
110101110
10111110
10111110
10111110
10111110
10111110
10111110
10101010
10101010
10101010
10101010
10101010
10101010
10101010
01111100
01111100
01111100
01111100
01111100
01111100
01111100
01111100
10110111
10110111
10110111
10110111
10110111
10110111
10110111
11011100
11011100
11011100
11011100
11011100
11011100
11011100
11101111
11101111
11101111
11101111
11101111
11101111
01010111
01010111
01010111
01010111
01010111
11110010
11110010
11110010
11110010
11110010
110110110
110110110
110110110
110110110
110110110
111001111
111001111
111001111
111001111
111001111
01100111
01100111
01100111
01100111
01100111
10111010
10111010
10111010
10111010
10111010
11011111
11011111
11011111
11011111
11011111
11011111
11011111
111001001
111001001
111001001
111001001
111001001
111001001
111001001
111001001
111001001
111001001
111001001
111001001
111001001
111001001
111001001
1010101
1010101
1010101
1010101
1010101
1010101
11100101
11100101
11100101
11100101
11100101
10101100
10101100
10101100
10101100
10101100
10101100
10101100
11010111
11010111
11010111
11010111
11010111
110110001
110110001
110110001
110110001
110110001
110110001
110110001
110110001
110110001
110110001
110110001
11010101
11010101
11010101
11010101
11010101
11111011
11111011
11111011
11111011
11111011
01110110
01110110
01110110
01110110
01110110
01110110
11011010
11011010
11011010
11011010
11011010
11011010
10100110
10100110
10100110
10100110
10100110
10011100
10011100
10011100
10011100
10011100
10011100
01010101
01010101
01010101
01010101
01010101
10011110
10011110
10011110
10011110
10011110
11011101
11011101
11011101
11011101
11011101
111111110
111111110
111111110
111111110
111111110
11001011
11001011
11001011
11001011
11001011
011101110
011101110
011101110
011101110
011101110
10111111
10111111
10111111
10111111
10011010
10011010
10011010
10011010
10011010
10101101
10101101
10101101
10101101
11100111
11100111
11100111
11100111
11100111
110111100
110111100
110111100
110111100
110111100
0111001
0111001
0111001
0111001
0111001
011110010
011110010
011110010
011110010
101101110
101101110
101101110
101101110
1110110110
1110110110
1110110110
1110110110
01111010
01111010
01111010
01111010
11110100
11110100
11110100
11110100
111110001
111110001
111110001
111110001
111110001
111110001
111110001
111110001
111110001
111110001
111110001
111110001
111110001
111110001
111110001
10101001
10101001
10101001
10101001
010101101
010101101
010101101
010101101
101010010
101010010
101010010
101010010
101010010
011011110
011011110
011011110
011011110
111111111
111111111
111111111
111111111
111111111
01110101
01110101
01110101
01110101
01110101
11111010
11111010
11111010
11111010
11111100
11111100
11111100
11111100
11111100
11111100
11010010
11010010
11010010
11010010
01110011
01110011
01110011
01110011
01110011
10011111
10011111
10011111
10011111
111110100
111110100
111110100
111110100
111110100
011110110
011110110
011110110
011110110
11111001
11111001
11111001
11111001
101110110
101110110
101110110
101110110
111011110
111011110
111011110
111011110
111011110
10110011
10110011
10110011
10110011
11101011
11101011
11101011
11101011
111100101
111100101
111100101
111100101
101110111
101110111
101110111
101110111
101010011
101010011
101010011
110111001
110111001
110111001
1011111110
1011111110
1011111110
1110110001
1110110001
1110110001
1110110001
1110110001
1110110001
1110110001
1110110001
1110110001
10100111
10100111
10100111
10100111
101001001
101001001
101001001
101001001
101001001
111010111
111010111
111010111
1111001010
1111001010
1111001010
01011101
01011101
01011101
101101101
101101101
101101101
1111111010
1111111010
1111111010
1111111010
10010111
10010111
10010111
011101101
011101101
011101101
10111011
10111011
10111011
10111011
01101001
01101001
01101001
011111110
011111110
011111110
011111110
010110100
010110100
010110100
011110001
011110001
011110001
011110001
011110001
011110001
011110001
011110001
011110001
011110001
011110001
011110001
011110001
011110001
11011001
11011001
11011001
111100110
111100110
111100110
1111001110
1111001110
1111001110
11001010
11001010
11001010
101110101
101110101
101110101
01111001
01111001
01111001
0111111100
0111111100
0111111100
11001111
11001111
11001111
100111001
100111001
100111001
10111101
10111101
10111101
10111101
101011110
101011110
101011110
111001110
111001110
111001110
011010111
011010111
011010111
11010110
11010110
11010110
010101111
010101111
010101111
111101011
111101011
111101011
0111110001
0111110001
0111110001
0111110001
0111110001
0111110001
0111110001
1111110001
1111110001
1111110001
1111110001
1111110001
1111110001
100111101
100111101
100111101
01101100
01101100
01101100
01101100
0101101011
0101101011
0101101011
111101111
111101111
111101111
111001101
111001101
111001101
0111110010
0111110010
0111110010
0111110010
0111001001
0111001001
0111001001
0111001001
0111001001
0111001001
1001110101
1001110101
1101111011
1101111011
1101111011
101111001
101111001
111010001
111010001
111010001
111010001
111010001
111010001
111010001
111010001
111010001
111010001
111010001
10101110110
10101110110
11101001
11101001
101011101
101011101
0111001110
0111001110
10110010
10110010
100110011
100110011
101111001101
101111001101
1011001100
1011001100
111111001
111111001
111111001
110011100
110011100
01101001110
01101001110
1111101010
1111101010
0111101111
0111101111
1101001110
1101001110
1111001001
1111001001
1111001001
1111001001
1111001001
1111001001
1010111001
1010111001
111101110
111101110
111101110
101111111
101111111
101010110
101010110
0111110111
0111110111
010111111
010111111
101010101
101010101
01011001
01011001
011101011
011101011
110011111
110011111
011011100
011011100
011011100
11001110
11001110
1111110111
1111110111
1011110001
1011110001
1011110001
1011110001
1011110001
100101111
100101111
0110110110
0110110110
0111110110
0111110110
010101001
010101001
010101001
010101001
010101001
010101001
110111111
110111111
11100110
11100110
010111100
010111100
1101011100
1101011100
011111101
011111101
0101110001
0101110001
0101110001
0101110001
0101110001
1101101110
1101101110
01101101010
01101101010
1011010111
1011010111
1100101110
1100101110
011001101
011001101
11001100
11001100
11001100
010101011110
010101011110
0110111011
0110111011
101111110
101111110
1110111110
1110111110
10011011
10011011
10011011
0111101110
0111101110
0111101110
1100110001
1100110001
01010101001
01010101001
01010101001
011111111
011111111
11111010001
11111010001
110100101
110100101
1011111100
1011111100
100111110
100111110
11101110001
11101110001
101100110
101100110
01010110001
01010110001
01010110001
01010110001
1010011100
1010011100
0110100111
0110100111
0111010110
0111010110
110100111
110100111
11110110001
11110110001
11110110001
11110110001
11110110001
1011011100
1011011100
10111110001
10111110001
10111110001
10111110001
10111110001
1010011110
1010011110
0101111110
0101111110
1011110110
1011110110
100110111
100110111
011110111
011110111
011110111
111010101
111010101
1111111111
1111111111
01111001001
01111001001
1010011101
1010011101
1111110100
1111110100
01101011
01101011
111111011
111111011
111110110
111110110
1110011010
1110011010
11110110
11110110
11110110
110101111
110101111
010111110
010111110
1101111110
1101111110
110110100
110110100
0111111001
0111111001
011101010
011101010
11001101
11001101
101101100
101101100
1011101100
1011101100
101011010
101011010
10111001
10111001
111101010
111101010
101111010
101111010
011100111
011100111
011110100
011110100
011111100
011111100
011011111
011011111
1011111101
1011111101
101110100
101110100
01110010
01110010
01110010
110011010
110011010
110110011
110110011
101010111
101010111
101010111
1111101100
1111101100
111001100
111001100
1110100110011010111
11101101010
11101101010
1111010001
1111010001
1111010001
1111010001
111111101
111111101
1011100110001
010111101011010001
0111111001101101001
100110001
100110001
10101111100
10110101
10110101
01100101110101
11100101111
1011101110
1011101110
1010111110
11011111111100110011
011011010010111101
1101111100110001
1111101110
1101011111010001
100101101
11111110001
11111110001
011101110101101111
11111010101
101100101101111
111100111
10101011011
111101001111
1011100101001
1010110001
1010110001
1010110001
1010110001
1010110001
1010110001
1010110001
1011111001
101110111100
101001011
101111110010
11111010011
11111010011
11101001110
101101101110111101011
010101100
11011110011010
1110111010110
1011001001
1011001001
1011001001
1011001001
1011001001
1101110010111
011011010001
011011010001
11111111110
11110011110
1100111101
01011111110101
1011010100101001
11101110111
011001001
011001001
011001001
011010010
011010010
0110011001
0110111010
0101100111100
100101110011100
101111010001
111010010
1110111110001
1011110101
010111010111110
01011011001100
1001111110
1001111010
11111001111011
01111110111
011010100111011101101010001
01101111110111111
111111110101110
111101110001
11011111001001
101101100101111100110001
01011011
010110110
011001011
10010111001011
100101100
0110011101
011010110
111110110001
111110110001
111110110001
1001110101001
110101110001
011011001
0110011001001
110101111101
1111010111110
1010100110001
1010100110001
1010100110001
10011011100110
1110101110
011111100111111
0110110001
0110110001
0110110001
01100110010
11001101001001
0111011111110
111110111
111110111
11100110101001001
01011001101010
101110100111
1010110110
10101101110111100110100
11011010010110
010110010
100101001
100101001
100101001
100101001
100101001
100101001
1111111110
1111111110
11101111111
010110011101010
100101010110
01111101
01111101
101100110001
1110011010111
110011001111110001
111010011
010111010001
010111010001
10100101011100
10011110111001110
011111010110
0101011100
11110101011
11110101011
011110011110
111100110110101001011111111110001
11110100110
011101011100
1001101010
011010101010101011001001
1001101111
10110110001
1010111110100
011101111
1011111111110
100110011101110001
1101011011
1101110010
01100101001
01100101001
01100101001
01100101001
01100101001
1111011111100
1111011011001010
0110011001110001
1001110010111111111
111110111011110110001
0110011011
10101010111
10101010111
101110011010
10010111110
11100101101001111001110001
10110011010100
11001110001
0101010110
0101010110
110111011
101101011010110
011010111101
111001011010
11111111010010111
0111011100
1101101111
1101001001
1101001001
1101001001
10010110110001
111101101
11111110110
1011011010100101
1001110110
1001110110
0111111101101011
011010101001
1001101010101
11011010010
1010011001101110101
010111100101
011011111110
11011001110
0101101101
1001110100
111111111111
011011101101010001
01111010001
01111010001
01111010001
011001111
110011111101001011100101111
1110100110100
01011001001
01010101010
0101011010001
01111011110110010
1110110101
11100101011010010
0111101101110110
101011111001100110011
011001101110001
011111101110
10010101110011
1011111010001
0111010001
0111010001
0111010001
0111010001
0111101110001
011110010111
0111011110001
11001011011
0101101111111101101010011111
10110110
111110111111
011010111010
01110111101
1001101100
1101111001
1101111001
0101011001001
01011110001
01011110001
01011110001
01011110001
01011110001
110101111100
0111101010001
111111010111111110111101
010111010110001
1110010110
1111001111100111100
1101111101111
01101110100110
011001010110011011
1111001101
1101101011
0111111001011011100110111111101
011111111011
111011001101001001
0110100111111
110101001100
1110010111
110111110
110111110
0101100111
111111111101
1110101110011
011011101111
011101110010101101011001110110001
1001011011
1100110111111
111001010
111001010
010110110001
0111101100101001
1110101101110001
10101001011111
1101010001
1101010001
1101010001
1101010001
111110010
10101001001
110101011
110101011
1111100110001
11111101011111
01101110001
01101110001
01101110001
1001011010
10110101110
11100101001
11100101001
111010110
110011001101001
111111110001
111111110001
10101101111011011
1100101011
0111001110001
0111001110001
010111110110001
1100101001
1100101001
01101001010
011100110001
011100110001
0110101001011
01011110011110001
01011011100
110111010010
1101001100110001
11101100111
010101011111
01011011100110
011011010011
1010100110101001001
1100110111
1001110101001001
11100110001
11100110001
011111001
01011101101111
1111011001
0110111101111
1111011010
010101011
010101011
111010100110100
111101111001001
1011010110100
0111010010111001
101011101100
01010111101111
011101111010100101001
01011001111
110100110
10100111001
010111001
10011110100110
10010110010101111111110110001
100111011
100111011
101101001
01101100110
01101011011011101111010001
010101110100
1111101011100
01101001011011010001
101111100
011111011
111110101
111111001001
1111001100101
01111010010101
01110110110001
01111010101010010
0110011100
1111110011
10100111001101100
011100101
011100101
101001100110
11010011
0111011110
10101001101110011001011
1111100111
1111101001001
1011101011010
11011001001
011001111011110010
110011101
11101101011
11111011010
111111101001101010110001
11011011001001
01011111110
01111111111101001110011110001
011111010100
0101010110010
100110110001
0101100101
01010111001110
1010101001
1101110111111
10101001111100
101001011001001
1010011110001
010110111
010110111
1110101111101
10111011110001
10011111101
10011111101
01110101011010001
11101110100
1001011110
1010101001001
10011011111110111001100101001
10100111011111
11011010101
11001110101
11101010100
1110110100
1001110010
1001100101
0101101111
101010101011011
011010101001110
11100101100
101010010110
0101010101
01110111111111
100101011011001100
111010110100
10011001001
10011001001
10011001001
10011001001
101110011001111
0111111101
011111111001001
110111101111010
01101011011
1101011111
0111101101111
0110010110110
101101110001
010111011
01101111111010
010111010
011110011010
11111111011001001
0110011101101010010
01100111010
11110110011
01110110011001010
1001101011110001
100101101001
01111011011101
10101101111111
1011101001110
010110100111010
100101110100
010110111010001
0111010101001001
100111011001001
10010110110011
11100110100110001
01011001011110
11111001001
11111001001
010110011
010111010010
010101011010
110011011
11110010111
1011010001
01101111011
1010110011100
101110110001
101110110001
11101010001
11101010001
0111001010
01110101101001100
1100111001110001
0111001100
1011110100110001
1101110101011010110001
111011011
10011101101110
01100110
11111100101010
0101010111011110010111
100101010101
1011010101
10110011111
011100111010100110001
1110111111001
10100101010
0110111001100101001
0101100110
10111111001110110001
1011011110001
1111011111
1111011111
100110011011110
01101010111010001
111011101
100101010
100111010
1001110111
110110110001
11110101111
10011110001
1010101110
10011101
111111010110
101010101111001001
11110101111101
01110111
01110111
1001111111
1100111100110111110
010110101110
10101010011110101110101010010111
11011111011
11110110111
110101111010
11110101110
1111001010110
010111010011
1111111100
1101101001001
1101111110100111
1111110101011100101010
010110100110
010101110
0101101100
1011011101010
101001110
011111011110
1110101010
0101101001
1101110110
011010101001010101110
1101101010
10100101001
10100101001
01101110011
01101110110010
0110010110101
101001111
010101100111
111111100101111
1011011001
100110110
0110011010
111011010
1100111110
01010110100110
01111011101110
11110110101
101110010
101110010
11110011101
11001101011
1011001010
111110100101111110
011101001
01111011111
1011011101
01110011101
1111111110101100
1110110011110100
11011001101
101010101001001
110011110001
110011110001
101001111001
110101010
101010110001
1110011100
0110111011111111001001
1111001100110
11101001001
11101001001
01110110001
1111101110001
11101101110
10011111100
100101101011101101011
10101100111100101001
100111100
01100110101011010110
11011010011111111
1110101010011011
011010110011
11111101101
011101011110111100
011001010110001
0111110100
1101110111
1010110011
0110010101100101001
0110101001011101011
11010110001
10101011011011010101110110011111
010110101
111101110110101001
1010100110
0110010110
101001111111001
0101110110001
101111111110
01011101001110001
0110101010111110101110110010
011011010
1110110011
1110110011
10111011111
1001011110010
101011001
111100111111
110011011101010100101
100110101010
010111001010111101001011110
1101110111111011
010101010
01111010111101111111
1010011110010
1010100110101
1111011111101101
1101100111
111101100
111101100
111101001001
101100101011
011010011011010
01110110011100
1001110001
01110011001001
101101111
111110011
1101110001
1101110001
110111101111
11111011101
0101111011
010110001
1111011101110001
0111011010
1101111111
1011111001001
0110101101101110010
11101101001
1100111111
1111110110
01011011110001
01101011100
10011110011
10101110001
01011011010011
101001101
11011110101011
101010100
0110010111
11011101101011
01101011010
010111111011110011
1101011010010
01011110010
01111100101010
1111011001101
100111110001
010111101
011011110100110011001001
011001010
011001010
1001011001
10011011011
110110010
1110101111
0101011100111110111
1011100101
1011001110
110011110
01111110001
010111110101001100111010
01110110101011010111010001
1111010111
0110111110001
0111101001
0110101110
1010101100
1110111111111101010
101111101011
0110010101
110111011101
1001100110
1011111111
110111011001001
111001011
1010101011010
10111110010111
11010101011110001
11111101001
11101010110
01101101010111
11011110111
01011110100
0110101001101
11110010101
1110111100
01111111111
110110011101011110011011101101011
11101111100
011001101011001110
010110111101
1110110111010001
111110110011
0110111111011110
0101111001
110110101001
100111111
101001100101001
01110110011010010
1010111010110001
11011001100
101001111111
1110011110110001
100110101001111
011100111101001
1101100101100110
01110101111
1010100101
10100111110001
111010111110101011001001
11101101011110111
10111101101111111
1010111011001101
111101010010110
110100111011
101010100101101111011
101010110111
011011011
110111001101110001
1111111110001
1001010101110011010111
011101010100
01011101111
0111001100101001
100111100101111011110
01011101011
100110100
1100101011110
1101011110
110111111010
1111100101
101111011010
100101011
011001100110
101110111101110
1110100110
10101101010
1010111100
1110011001
01101001010101101
1111010100
1010101101
1111111001
1110101101
10011110101010
01100101100
101001010
101001010
101100110011
011011110111
01111011010
0101011011
01111111100
01100111011101010010111010001
011001100
01011100111
1101110011
1010111101
10111001001
0110111101111011
1001101101
011011101101111
100111001001
10011101011110
1011010100
1010110111111
110111010
100110110111111
01111111101010001
10100110011110001
1010110011001110010
1101111100101110
1100101111
110010111110010101111101101111011010010
0101010101001
101010111101
011101110110
10011100101
11100101011
10100110100110110
11111001011
0110011101001100
11111001100101001
01111110110
101111011011
111100110001
111010110001
1010101011
101001101001
10111010110
1101011111100110
1001010110001
11011101111
101001011001
11011010001
1101010010101001
1011101010
011101111010101011
01011011010010
11111010110110
01110110111011111110
110010101011
011110101
010111011110001
